Category,Date,Type,Name,Detail,URL
Log,2026-05-05T22:37:50.477Z,success,,Daily routine complete. Cap used: 15. Window: US_EU.,
Log,2026-05-05T22:37:50.437Z,info,follow-up-sender,■ follow-up-sender DONE | no candidates ready,
Log,2026-05-05T22:37:50.429Z,info,follow-up-sender,📬 follow-up candidates: 0,
Log,2026-05-05T22:37:44.445Z,info,follow-up-sender,▶ follow-up-sender started | https://www.linkedin.com/messaging/thread/2-OWVlYTNhMDItMTZiNi00OTNiLTg1MTEtOTZhZWY2ZTA2NmY4XzEwMA==/,
Log,2026-05-05T22:37:39.523Z,info,,Step 6/6 — Sending follow-up messages to accepted connections (≥24h)…,
Log,2026-05-05T22:37:39.473Z,success,,"Auto-CSV export complete — 622 links, 0 accepted, 0 emails, 303 log entries → Downloads/link_ssi/output/",
Log,2026-05-05T22:37:39.428Z,success,connection-tracker,■ connection-tracker DONE | +0 accepted | total: 0/0 (0%),
Log,2026-05-05T22:37:39.421Z,info,connection-tracker,📋 pending invitations on page: 0,
Log,2026-05-05T22:37:23.204Z,info,connection-tracker,▶ connection-tracker started | https://www.linkedin.com/mynetwork/invitation-manager/sent/,
Log,2026-05-05T22:37:18.643Z,info,,Step 5/6 — Tracking accepted connections…,
Log,2026-05-05T22:37:18.606Z,warn,,[relationship-builder] timed out after 90 s — continuing sequence,
Link,2026-05-05T22:36:56.460Z,link-discovered,recruiter-search,there,https://www.linkedin.com/in/shaziya-khan-019490142/
Log,2026-05-05T22:36:56.446Z,info,recruiter-prospector,↷ https://www.linkedin.com/in/james-budilovsky-514b1b97/ — no connect button (viewed),
Log,2026-05-05T22:36:56.430Z,warn,recruiter-prospector,[Diag] no connect btn found | card buttons: none,
Log,2026-05-05T22:36:43.433Z,warn,,[Diag] sendMessage failed | https://www.linkedin.com/in/jennifer-hamid-18906a6a/ | Serasa Experian — new_job,
Log,2026-05-05T22:36:43.425Z,warn,,"[Diag] no msg btn | card btns: """" aria=""Open reactions menu""",
Log,2026-05-05T22:36:33.742Z,warn,,[relationship-builder] content script did not respond after 15 retries — skipping,
Log,2026-05-05T22:36:32.433Z,warn,,[Diag] sendMessage failed | https://www.linkedin.com/in/lucasfcneto/ | Yara International — new_job,
Log,2026-05-05T22:36:32.426Z,warn,,"[Diag] no msg btn | card btns: """" aria=""Open reactions menu""",
Log,2026-05-05T22:36:21.435Z,warn,,[Diag] sendMessage failed | https://www.linkedin.com/in/silmaraolivio/ | Ridge Talent Search — new_job,
Log,2026-05-05T22:36:21.426Z,warn,,"[Diag] no msg btn | card btns: """" aria=""Open reactions menu""",
Log,2026-05-05T22:36:12.434Z,warn,,[Diag] sendMessage failed | https://www.linkedin.com/in/thamires-camacho/ | NUMEN — new_job,
Log,2026-05-05T22:36:12.427Z,warn,,"[Diag] no msg btn | card btns: """" aria=""Open reactions menu""",
Log,2026-05-05T22:36:02.442Z,warn,,[Diag] sendMessage failed | https://www.linkedin.com/in/larissa-souzaa-sena/ | Ibrowse Consultoria e Informática — new_job,
Log,2026-05-05T22:36:02.436Z,warn,,"[Diag] no msg btn | card btns: ""Skip to main content"" aria="""" | """" aria=""Close jump menu"" | ""Home"" aria=""Home, 1 new notification"" | ""Me"" aria="""" | ""For Business"" aria=""For Business"" | """" aria=""Dismiss"" | ""Why am I seeing this ad?Manage"" aria=""Why am I seeing this ad?"" | ""Hide or report this adI don’t "" aria=""Hide or report this ad"" | """" aria=""Dismiss"" | ""Report this ad"" aria="""" | ""Submit"" aria="""" | """" aria=""Open reactions menu"" | """" aria=""Open reactions menu"" | """" aria=""Open reactions menu"" | """" aria=""Open reactions menu"" | """" aria=""Open reactions menu"" | """" aria=""Open reactions menu"" | """" aria=""Open reactions menu"" | """" aria=""Open reactions menu""",
Link,2026-05-05T22:35:56.449Z,link-discovered,recruiter-search,there,https://www.linkedin.com/in/pavan-vasarla-3942a7253/
Log,2026-05-05T22:35:56.437Z,info,recruiter-prospector,↷ https://www.linkedin.com/in/anubhav-rastogi-12b778208/ — no connect button (viewed),
Log,2026-05-05T22:35:56.423Z,warn,recruiter-prospector,[Diag] no connect btn found | card buttons: none,
Log,2026-05-05T22:35:53.055Z,info,,▶ relationship-builder started | https://www.linkedin.com/mynetwork/catch-up/job_changes/,
Log,2026-05-05T22:35:48.574Z,warn,,[relationship-builder] timed out after 90 s — continuing sequence,
Log,2026-05-05T22:35:09.434Z,warn,,[Diag] sendMessage failed | https://www.linkedin.com/in/felipeveronesi/ | Axihum Fertilizantes — anniversary,
Log,2026-05-05T22:35:09.427Z,warn,,"[Diag] no msg btn | card btns: """" aria=""Open reactions menu""",
Log,2026-05-05T22:35:03.723Z,warn,,[relationship-builder] content script did not respond after 15 retries — skipping,
Log,2026-05-05T22:35:00.436Z,warn,,[Diag] sendMessage failed | https://www.linkedin.com/in/nathalia-villani-821b76150/ | Faber-Castell Brasil — anniversary,
Log,2026-05-05T22:35:00.429Z,warn,,"[Diag] no msg btn | card btns: """" aria=""Open reactions menu""",
Link,2026-05-05T22:34:56.451Z,link-discovered,recruiter-search,there,https://www.linkedin.com/in/yiding-wang-826893178/
Log,2026-05-05T22:34:56.442Z,info,recruiter-prospector,↷ https://www.linkedin.com/in/nikhil-pansuriya-809329234/ — no connect button (viewed),
Log,2026-05-05T22:34:56.433Z,warn,recruiter-prospector,[Diag] no connect btn found | card buttons: none,
Log,2026-05-05T22:34:51.436Z,warn,,[Diag] sendMessage failed | https://www.linkedin.com/in/rubens-bardelli-jr-a6ab5b2/ | Secretaria da Fazenda do RS — anniversary,
Log,2026-05-05T22:34:51.429Z,warn,,"[Diag] no msg btn | card btns: """" aria=""Open reactions menu""",
Log,2026-05-05T22:34:41.438Z,warn,,[Diag] sendMessage failed | https://www.linkedin.com/in/bruno-sahb/ | Stefanini Brasil — anniversary,
Log,2026-05-05T22:34:41.431Z,warn,,"[Diag] no msg btn | card btns: """" aria=""Open reactions menu""",
Log,2026-05-05T22:34:31.438Z,warn,,[Diag] sendMessage failed | https://www.linkedin.com/in/ademir-souza-98587014/ | Toyota do Brasil — anniversary,
Log,2026-05-05T22:34:31.432Z,warn,,"[Diag] no msg btn | card btns: ""Skip to main content"" aria="""" | """" aria=""Close jump menu"" | ""Home"" aria=""Home, 1 new notification"" | ""Me"" aria="""" | ""For Business"" aria=""For Business"" | """" aria=""Dismiss"" | ""Why am I seeing this ad?Manage"" aria=""Why am I seeing this ad?"" | ""Hide or report this adI don’t "" aria=""Hide or report this ad"" | """" aria=""Dismiss"" | ""Report this ad"" aria="""" | ""Submit"" aria="""" | """" aria=""Open reactions menu"" | """" aria=""Open reactions menu"" | """" aria=""Open reactions menu"" | """" aria=""Open reactions menu"" | """" aria=""Open reactions menu"" | """" aria=""Open reactions menu"" | """" aria=""Open reactions menu"" | """" aria=""Open reactions menu"" | """" aria=""Open reactions menu"" | """" aria=""Open reactions menu""",
Log,2026-05-05T22:34:23.438Z,info,,▶ relationship-builder started | https://www.linkedin.com/mynetwork/catch-up/work_anniversaries/,
Log,2026-05-05T22:34:18.547Z,warn,,[relationship-builder] timed out after 90 s — continuing sequence,
Link,2026-05-05T22:33:56.449Z,link-discovered,recruiter-search,there,https://www.linkedin.com/in/anubhav-rastogi-12b778208/
Log,2026-05-05T22:33:56.442Z,warn,,[Diag] sendMessage failed | https://www.linkedin.com/in/palonet/ | today — birthday,
Log,2026-05-05T22:33:56.433Z,warn,,[Diag] no msg btn | card btns: (none),
Log,2026-05-05T22:33:43.439Z,warn,,[Diag] sendMessage failed | https://www.linkedin.com/in/nielsen-castelo-d-07ab3923/ | today — birthday,
Log,2026-05-05T22:33:43.433Z,warn,,[Diag] no msg btn | card btns: (none),
Log,2026-05-05T22:33:33.441Z,warn,,[Diag] sendMessage failed | https://www.linkedin.com/in/claudia-napolitano-32b29223/ | today — birthday,
Log,2026-05-05T22:33:33.434Z,warn,,[Diag] no msg btn | card btns: (none),
Log,2026-05-05T22:33:23.441Z,warn,,[Diag] sendMessage failed | https://www.linkedin.com/in/anapaulohrbusinesspartner/ | today — birthday,
Log,2026-05-05T22:33:23.434Z,warn,,[Diag] no msg btn | card btns: (none),
Log,2026-05-05T22:33:14.437Z,warn,,[Diag] sendMessage failed | https://www.linkedin.com/in/mariliaisabelly/ | today — birthday,
Log,2026-05-05T22:33:14.431Z,warn,,[Diag] no msg btn | card btns: (none),
Log,2026-05-05T22:33:04.444Z,warn,,[Diag] sendMessage failed | https://www.linkedin.com/in/jos%C3%A9-s%C3%A9rgio-medeiros-junior-978b74168/ | today — birthday,
Log,2026-05-05T22:33:04.436Z,warn,,"[Diag] no msg btn | card btns: ""Skip to main content"" aria="""" | """" aria=""Close jump menu"" | ""Home"" aria=""Home, 1 new notification"" | ""Me"" aria="""" | ""For Business"" aria=""For Business"" | """" aria=""Dismiss"" | ""Why am I seeing this ad?Manage"" aria=""Why am I seeing this ad?"" | ""Hide or report this adI don’t "" aria=""Hide or report this ad"" | """" aria=""Dismiss"" | ""Report this ad"" aria="""" | ""Submit"" aria=""""",
Link,2026-05-05T22:32:56.452Z,link-discovered,recruiter-search,there,https://www.linkedin.com/in/nikhil-pansuriya-809329234/
Log,2026-05-05T22:32:56.442Z,info,recruiter-prospector,↷ https://www.linkedin.com/in/apurva0109/ — no connect button (viewed),
Log,2026-05-05T22:32:56.428Z,warn,recruiter-prospector,[Diag] no connect btn found | card buttons: none,
Log,2026-05-05T22:32:52.618Z,info,,▶ relationship-builder started | https://www.linkedin.com/mynetwork/catch-up/birthday/,
Log,2026-05-05T22:32:48.528Z,info,,Step 4/6 — Building relationships (birthdays + anniversaries + job changes)…,
Log,2026-05-05T22:32:48.513Z,success,,[PostQueue] Queue flushed. 3 post(s) processed.,
Log,2026-05-05T22:32:48.496Z,success,,[PostQueue] Done: https://www.linkedin.com/posts/gabriel-saturi_backend-distributedsystems-architecture-share-7457052634265407488-tLcm/,
Log,2026-05-05T22:32:48.460Z,success,post-engager,✓ commentSinglePost: commented on https://www.linkedin.com/in/gabriel-saturi,
Log,2026-05-05T22:32:48.452Z,info,post-engager,🔗 link registered | commented | https://www.linkedin.com/in/gabriel-saturi,
Post,2026-05-05T22:32:48.433Z,comment,,urn:li:activity:7457066522742538241,https://www.linkedin.com/in/gabriel-saturi
Link,2026-05-05T22:32:48.433Z,link-discovered,commented,,https://www.linkedin.com/in/gabriel-saturi
Log,2026-05-05T22:32:35.425Z,info,post-engager,"💬 typing comment: ""Interested — Let's connect! https://wesleyzilva.github.io/po...""",
Log,2026-05-05T22:32:07.317Z,info,post-engager,▶ post-engager COMMENT_SINGLE | url=https://www.linkedin.com/posts/gabriel-saturi_backend-distributedsystems-architecture-share-7457052634265407488-tLcm/,
Log,2026-05-05T22:32:01.518Z,info,,[PostQueue] Commenting on: https://www.linkedin.com/posts/gabriel-saturi_backend-distributedsystems-architecture-share-7457052634265407488-tLcm/,
Log,2026-05-05T22:32:01.500Z,success,,[PostQueue] Done: https://www.linkedin.com/posts/tales-habib_recently-i-started-using-git-worktree-share-7457077215042863104-z_1X/,
Log,2026-05-05T22:32:01.459Z,success,post-engager,✓ commentSinglePost: commented on https://www.linkedin.com/in/tales-habib,
Log,2026-05-05T22:32:01.447Z,info,post-engager,🔗 link registered | commented | https://www.linkedin.com/in/tales-habib,
Link,2026-05-05T22:32:01.426Z,link-discovered,commented,,https://www.linkedin.com/in/tales-habib
Post,2026-05-05T22:32:01.425Z,comment,,urn:li:activity:7457077215659220992,https://www.linkedin.com/in/tales-habib
Link,2026-05-05T22:31:56.459Z,link-discovered,recruiter-search,there,https://www.linkedin.com/in/pallavi-katragadda/
Log,2026-05-05T22:31:56.447Z,info,recruiter-prospector,↷ https://www.linkedin.com/in/maniratnnam-kambalapalli-7866372a9/ — no connect button (viewed),
Log,2026-05-05T22:31:56.434Z,warn,recruiter-prospector,[Diag] no connect btn found | card buttons: none,
Log,2026-05-05T22:31:47.426Z,info,post-engager,"💬 typing comment: ""Interested — Let's connect! https://wesleyzilva.github.io/po...""",
Log,2026-05-05T22:31:13.970Z,info,post-engager,▶ post-engager COMMENT_SINGLE | url=https://www.linkedin.com/posts/tales-habib_recently-i-started-using-git-worktree-share-7457077215042863104-z_1X/,
Log,2026-05-05T22:31:08.509Z,info,,[PostQueue] Commenting on: https://www.linkedin.com/posts/tales-habib_recently-i-started-using-git-worktree-share-7457077215042863104-z_1X/,
Log,2026-05-05T22:31:08.488Z,success,,[PostQueue] Done: https://www.linkedin.com/posts/samuel-gomes-costa-55503a340_backend-nodejs-nestjs-share-7456722421988044800-eWoS/,
Log,2026-05-05T22:31:08.458Z,success,post-engager,✓ commentSinglePost: commented on https://www.linkedin.com/in/samuel-gomes-costa-55503a340,
Log,2026-05-05T22:31:08.449Z,info,post-engager,🔗 link registered | commented | https://www.linkedin.com/in/samuel-gomes-costa-55503a340,
Post,2026-05-05T22:31:08.429Z,comment,,urn:li:activity:7456722424441577473,https://www.linkedin.com/in/samuel-gomes-costa-55503a340
Link,2026-05-05T22:31:08.429Z,link-discovered,commented,,https://www.linkedin.com/in/samuel-gomes-costa-55503a340
Log,2026-05-05T22:31:04.753Z,warn,,[post-engager] content script did not respond after 15 retries — skipping,
Link,2026-05-05T22:30:56.445Z,link-discovered,recruiter-search,there,https://www.linkedin.com/in/sri-divya-bhagi-a03503341/
Log,2026-05-05T22:30:56.432Z,info,recruiter-prospector,↷ https://www.linkedin.com/in/jitendra-pratap-singh-32966425a/ — no connect button (viewed),
Log,2026-05-05T22:30:56.419Z,warn,recruiter-prospector,[Diag] no connect btn found | card buttons: none,
Log,2026-05-05T22:30:25.555Z,info,post-engager,▶ post-engager COMMENT_SINGLE | url=https://www.linkedin.com/posts/samuel-gomes-costa-55503a340_backend-nodejs-nestjs-share-7456722421988044800-eWoS/,
Log,2026-05-05T22:30:19.628Z,info,,[PostQueue] Commenting on: https://www.linkedin.com/posts/samuel-gomes-costa-55503a340_backend-nodejs-nestjs-share-7456722421988044800-eWoS/,
Log,2026-05-05T22:30:19.617Z,info,,[PostQueue] Processing 3 queued post(s)…,
Log,2026-05-05T22:30:19.608Z,info,,Step 3b/6 — Commenting on queued specific posts…,
Log,2026-05-05T22:30:19.537Z,warn,,[post-engager] timed out after 90 s — continuing sequence,
Log,2026-05-05T22:30:12.429Z,info,post-engager,↓ scroll round 3/8 | likes=0 comments=0 follows=0,
Log,2026-05-05T22:30:07.436Z,warn,post-engager,⚠ no posts found in round 3/8,
Link,2026-05-05T22:29:56.460Z,link-discovered,recruiter-search,there,https://www.linkedin.com/in/maniratnnam-kambalapalli-7866372a9/
Log,2026-05-05T22:29:56.447Z,info,recruiter-prospector,↷ https://www.linkedin.com/in/amrit25081996/ — no connect button (viewed),
Log,2026-05-05T22:29:56.432Z,warn,recruiter-prospector,[Diag] no connect btn found | card buttons: none,
Log,2026-05-05T22:29:52.422Z,info,post-engager,↓ scroll round 2/8 | likes=0 comments=0 follows=0,
Log,2026-05-05T22:29:46.435Z,warn,post-engager,⚠ no posts found in round 2/8,
Log,2026-05-05T22:29:31.421Z,info,post-engager,↓ scroll round 1/8 | likes=0 comments=0 follows=0,
Log,2026-05-05T22:29:25.439Z,warn,post-engager,"[Diag] getFeedPosts 0 | url=https://www.linkedin.com/search/results/content/?keywords=project%20delivery&origin=GLOBAL_SEARCH_HEADER&datePosted=%5B% | title=""Search | LinkedIn"" | li.reusable-search:0 | div.reusable-search:0 | [data-urn]:0 | [data-id]:0 | [data-entity-urn]:0 | [data-chameleon-result-urn]:0 | a[href*=""/posts/""]:0 | a[href*=""/feed/update/""]:0 | btn[aria-label*=Curtir]:0 | btn[aria-label*=Like]:0 | search-results-container:0 | sample:  | _7627c9e7 _76b2944b d3285525 c22187a0 _41382023 c523847d _9d | c797ee90 _5f5ad908 _27993cc3 e0a7d554 b7cafc38 _2ab30eb7 | _96032cd3 | c797ee90 _5f5ad908 _27993cc3 e0a7d554 c21235da _096f73e3",
Log,2026-05-05T22:29:25.430Z,warn,post-engager,⚠ no posts found in round 1/8,
Link,2026-05-05T22:28:56.454Z,link-discovered,recruiter-search,there,https://www.linkedin.com/in/s-k-vats-039860235/
Log,2026-05-05T22:28:56.445Z,info,recruiter-prospector,↷ https://www.linkedin.com/in/brooke-fietz/ — no connect button (viewed),
Log,2026-05-05T22:28:56.433Z,warn,recruiter-prospector,[Diag] no connect btn found | card buttons: none,
Log,2026-05-05T22:28:54.677Z,info,post-engager,▶ post-engager started | url=https://www.linkedin.com/search/results/content/?keywords=project%20delivery&origin=GLOBAL_SEARCH_HEADER&datePosted=%5B%22past-month%22%5D&authorIndustry=%5B%226%22%5D,
Log,2026-05-05T22:28:54.667Z,info,post-engager,▶ post-engager START message received,
Log,2026-05-05T22:28:49.515Z,info,,"Keyword 1/24: ""project delivery""",
Log,2026-05-05T22:28:49.500Z,info,,Step 3/6 — Engaging with targeted content search posts…,
Log,2026-05-05T22:28:49.435Z,success,recruiter-prospector,■ recruiter-prospector DONE | 0 sent / 4 checked,
Log,2026-05-05T22:28:49.426Z,info,recruiter-prospector,■ no more pages after page 1 — stopping pagination,
Log,2026-05-05T22:28:45.440Z,info,recruiter-prospector,↷ https://www.linkedin.com/in/ricardo-dreves-180421/ — no connect button (viewed),
Log,2026-05-05T22:28:45.430Z,warn,recruiter-prospector,[Diag] no connect btn found | card buttons: none,
Link,2026-05-05T22:28:29.435Z,link-discovered,recruiter-search,there,https://www.linkedin.com/in/ricardo-dreves-180421/
Log,2026-05-05T22:28:29.428Z,info,recruiter-prospector,↷ https://www.linkedin.com/in/nelsonsilvaneto/ — no connect button (viewed),
Log,2026-05-05T22:28:29.421Z,warn,recruiter-prospector,[Diag] no connect btn found | card buttons: none,
Link,2026-05-05T22:28:13.444Z,link-discovered,recruiter-search,there,https://www.linkedin.com/in/nelsonsilvaneto/
Log,2026-05-05T22:28:13.437Z,info,recruiter-prospector,↷ https://www.linkedin.com/in/bianca-ferreira-064a222b8/ — no connect button (viewed),
Log,2026-05-05T22:28:13.429Z,warn,recruiter-prospector,[Diag] no connect btn found | card buttons: none,
Link,2026-05-05T22:27:56.453Z,link-discovered,recruiter-search,there,https://www.linkedin.com/in/amrit25081996/
Log,2026-05-05T22:27:56.444Z,info,recruiter-prospector,"↷ https://www.linkedin.com/in/suzana-martins-194ba4158/en/ — skipped (locale-suffixed URL, likely BR)",
Log,2026-05-05T22:27:56.432Z,info,recruiter-prospector,page 1/10 — 4 cards found,
Log,2026-05-05T22:27:50.142Z,info,recruiter-prospector,▶ recruiter-prospector started | https://www.linkedin.com/search/results/people/?keywords=eua&origin=GLOBAL_SEARCH_HEADER&network=%5B%22O%22%5D,
Log,2026-05-05T22:27:45.513Z,info,,Step 2c/6 — Prospecting global profiles via direct URLs (cap: 8)…,
Log,2026-05-05T22:27:45.436Z,success,recruiter-prospector,■ recruiter-prospector DONE | 0 sent / 6 checked,
Log,2026-05-05T22:27:45.427Z,info,recruiter-prospector,■ no more pages after page 1 — stopping pagination,
Log,2026-05-05T22:27:39.440Z,info,recruiter-prospector,👁 https://www.linkedin.com/in/brunopitzer/ — viewed (SSI: localizar as pessoas certas),
Link,2026-05-05T22:27:39.422Z,link-discovered,recruiter-search,,https://www.linkedin.com/in/brunopitzer/
Log,2026-05-05T22:27:32.445Z,info,recruiter-prospector,👁 https://www.linkedin.com/in/dudacarvalho/ — viewed (SSI: localizar as pessoas certas),
Link,2026-05-05T22:27:32.430Z,link-discovered,recruiter-search,,https://www.linkedin.com/in/dudacarvalho/
Log,2026-05-05T22:27:25.458Z,info,recruiter-prospector,"↷ https://www.linkedin.com/in/danielmreis/en/ — skipped (locale-suffixed URL, likely BR)",
Log,2026-05-05T22:27:25.448Z,info,recruiter-prospector,"↷ https://www.linkedin.com/in/eduardo-gouv%C3%AAa-757a4a4b/en/ — skipped (locale-suffixed URL, likely BR)",
Log,2026-05-05T22:27:25.440Z,info,recruiter-prospector,👁 https://www.linkedin.com/in/rodrigopoulis/ — viewed (SSI: localizar as pessoas certas),
Link,2026-05-05T22:27:25.422Z,link-discovered,recruiter-search,,https://www.linkedin.com/in/rodrigopoulis/
Log,2026-05-05T22:27:19.444Z,info,recruiter-prospector,👁 https://www.linkedin.com/in/victor-bensadon-55a5a8133/ — viewed (SSI: localizar as pessoas certas),
Link,2026-05-05T22:27:19.426Z,link-discovered,recruiter-search,,https://www.linkedin.com/in/victor-bensadon-55a5a8133/
Log,2026-05-05T22:27:14.425Z,info,recruiter-prospector,page 1/10 — 6 cards found,
Log,2026-05-05T22:27:06.841Z,info,recruiter-prospector,▶ recruiter-prospector started | https://www.linkedin.com/search/results/people/?keywords=IT%20Manager%20remote%20brazil,
Log,2026-05-05T22:27:02.505Z,info,,Step 2b/6 — Browsing people search (SSI: Localizar as pessoas certas)…,
Log,2026-05-05T22:27:02.439Z,success,recruiter-prospector,■ recruiter-prospector DONE | 0 sent / 5 checked,
Log,2026-05-05T22:27:02.430Z,info,recruiter-prospector,■ no more pages after page 1 — stopping pagination,
Link,2026-05-05T22:26:56.454Z,link-discovered,recruiter-search,there,https://www.linkedin.com/in/brooke-fietz/
Log,2026-05-05T22:26:56.441Z,info,recruiter-prospector,↷ https://www.linkedin.com/in/arshika-tyagi-99635b216/ — no connect button (viewed),
Log,2026-05-05T22:26:56.429Z,warn,recruiter-prospector,[Diag] no connect btn found | card buttons: none,
Link,2026-05-05T22:25:56.447Z,link-discovered,recruiter-search,there,https://www.linkedin.com/in/shivani-p-6137061a7/
Log,2026-05-05T22:25:56.436Z,info,recruiter-prospector,↷ https://www.linkedin.com/in/bipin-kandpal-069145123/ — no connect button (viewed),
Log,2026-05-05T22:25:56.425Z,warn,recruiter-prospector,[Diag] no connect btn found | card buttons: none,
Link,2026-05-05T22:25:18.445Z,link-discovered,recruiter-search,there,https://www.linkedin.com/in/arshika-tyagi-99635b216/
Log,2026-05-05T22:25:18.437Z,info,recruiter-prospector,↷ https://www.linkedin.com/in/priyanka-potdar-b13687262/ — no connect button (viewed),
Log,2026-05-05T22:25:18.430Z,warn,recruiter-prospector,"[Diag] no connect btn found | card buttons: ""Skip to main content"" aria="""" | """" aria=""Close jump menu"" | ""Home"" aria=""Home, 1 new notification"" | ""Me"" aria="""" | ""For Business"" aria=""For Business"" | ""All filters"" aria="""" | ""Previous"" aria="""" | ""10"" aria=""Page 10"" | ""11"" aria=""Page 11"" | ""12"" aria=""Page 12"" | ""13"" aria=""Page 13"" | ""14"" aria=""Page 14"" | ""15"" aria=""Page 15"" | ""16"" aria=""Page 16"" | ""17"" aria=""Page 17"" | ""18"" aria=""Page 18"" | ""19"" aria=""Page 19"" | ""Next"" aria="""" | """" aria=""Dismiss"" | ""Why am I seeing this ad?Manage"" aria=""Why am I seeing this ad?"" | ""Hide or report this adI don’t "" aria=""Hide or report this ad"" | """" aria=""Dismiss"" | ""Report this ad"" aria="""" | ""Submit"" aria=""""",
Link,2026-05-05T22:25:06.442Z,link-discovered,recruiter-search,there,https://www.linkedin.com/in/priyanka-potdar-b13687262/
Log,2026-05-05T22:25:06.425Z,info,recruiter-prospector,page 7/10 — 10 cards found,
Log,2026-05-05T22:25:00.454Z,info,recruiter-prospector,▶ page 7 — waiting for SPA render...,
Link,2026-05-05T22:24:56.460Z,link-discovered,recruiter-search,there,https://www.linkedin.com/in/richa-joshi-02477459/
Log,2026-05-05T22:24:56.446Z,info,recruiter-prospector,↷ https://www.linkedin.com/in/jondev/ — no connect button (viewed),
Log,2026-05-05T22:24:56.428Z,warn,recruiter-prospector,[Diag] no connect btn found | card buttons: none,
Link,2026-05-05T22:23:56.457Z,link-discovered,recruiter-search,there,https://www.linkedin.com/in/bipin-kandpal-069145123/
Log,2026-05-05T22:23:56.448Z,info,recruiter-prospector,↷ https://www.linkedin.com/in/shweta-tiwari-5b33ab1a/ — no connect button (viewed),
Log,2026-05-05T22:23:56.429Z,warn,recruiter-prospector,[Diag] no connect btn found | card buttons: none,
Link,2026-05-05T22:23:19.446Z,link-discovered,recruiter-search,there,https://www.linkedin.com/in/jondev/
Log,2026-05-05T22:23:19.434Z,info,recruiter-prospector,↷ https://www.linkedin.com/in/john-smith-6a054122b/ — no connect button (viewed),
Log,2026-05-05T22:23:19.423Z,warn,recruiter-prospector,"[Diag] no connect btn found | card buttons: ""Skip to main content"" aria="""" | """" aria=""Close jump menu"" | ""Home"" aria=""Home, 1 new notification"" | ""Me"" aria="""" | ""For Business"" aria=""For Business"" | ""All filters"" aria="""" | ""Previous"" aria="""" | ""12"" aria=""Page 12"" | ""13"" aria=""Page 13"" | ""14"" aria=""Page 14"" | ""15"" aria=""Page 15"" | ""16"" aria=""Page 16"" | ""17"" aria=""Page 17"" | ""18"" aria=""Page 18"" | ""19"" aria=""Page 19"" | ""20"" aria=""Page 20"" | ""21"" aria=""Page 21"" | ""Next"" aria="""" | """" aria=""Dismiss"" | ""Why am I seeing this ad?Manage"" aria=""Why am I seeing this ad?"" | ""Hide or report this adI don’t "" aria=""Hide or report this ad"" | """" aria=""Dismiss"" | ""Report this ad"" aria="""" | ""Submit"" aria=""""",
Link,2026-05-05T22:23:08.438Z,link-discovered,recruiter-search,there,https://www.linkedin.com/in/john-smith-6a054122b/
Log,2026-05-05T22:23:08.431Z,info,recruiter-prospector,page 10/10 — 11 cards found,
Link,2026-05-05T22:23:02.437Z,link-discovered,recruiter-search,there,https://www.linkedin.com/in/sailaja-g-0989ab169/
Log,2026-05-05T22:23:02.428Z,info,recruiter-prospector,↷ https://www.linkedin.com/in/brunocamposssa/ — no connect button (viewed),
Log,2026-05-05T22:23:02.419Z,warn,recruiter-prospector,[Diag] no connect btn found | card buttons: none,
Log,2026-05-05T22:23:01.461Z,info,recruiter-prospector,▶ page 10 — waiting for SPA render...,
Link,2026-05-05T22:22:56.455Z,link-discovered,recruiter-search,there,https://www.linkedin.com/in/deeksha-sirsatiya-872328188/
Log,2026-05-05T22:22:56.447Z,info,recruiter-prospector,↷ https://www.linkedin.com/in/richa-joshi-02477459/ — no connect button (viewed),
Log,2026-05-05T22:22:56.430Z,warn,recruiter-prospector,[Diag] no connect btn found | card buttons: none,
Link,2026-05-05T22:22:47.447Z,link-discovered,recruiter-search,there,https://www.linkedin.com/in/brunocamposssa/
Log,2026-05-05T22:22:47.440Z,info,recruiter-prospector,↷ https://www.linkedin.com/in/mohan-endla-347a581b0/ — no connect button (viewed),
Log,2026-05-05T22:22:47.432Z,warn,recruiter-prospector,"[Diag] no connect btn found | card buttons: ""Skip to main content"" aria="""" | """" aria=""Close jump menu"" | ""Home"" aria=""Home, 1 new notification"" | ""Me"" aria="""" | ""For Business"" aria=""For Business"" | ""All filters"" aria="""" | """" aria=""Are these results helpful? Yes, these search resul"" | """" aria=""Are these results helpful? No, these search result"" | """" aria=""Dismiss"" | ""Why am I seeing this ad?Manage"" aria=""Why am I seeing this ad?"" | ""Hide or report this adI don’t "" aria=""Hide or report this ad"" | """" aria=""Dismiss"" | ""Report this ad"" aria="""" | ""Submit"" aria=""""",
Link,2026-05-05T22:22:35.436Z,link-discovered,recruiter-search,there,https://www.linkedin.com/in/mohan-endla-347a581b0/
Log,2026-05-05T22:22:35.427Z,info,recruiter-prospector,page 1/10 — 5 cards found,
Log,2026-05-05T22:22:28.881Z,info,recruiter-prospector,▶ recruiter-prospector started | https://www.linkedin.com/search/results/people/?keywords=IT%20Recruiter%20LATAM%20nearshore&network=%5B%22S%22%2C%22O%22%5D&geoUrn=%5B%22103644278%22%2C%22101165590%22%2C%22102713980%22%2C%22101739942%22%2C%22104738515%22%2C%22102890883%22%2C%22102454443%22%2C%22105015875%22%2C%22106157047%22%5D&spellCorrectionEnabled=true&prioritizeMessage=false,
Log,2026-05-05T22:22:24.481Z,info,,Step 2/6 — Prospecting Tech Recruiters via keyword search (cap: 7)…,
Log,2026-05-05T22:22:24.434Z,success,,■ ssi-monitor done | total:51 brand:16 people:14 insights:14 rel:7,
SSI,2026-05-05T22:22:24.432Z,ssi-score,,total:51 brand:16 people:14 insights:14 rel:7,
Link,2026-05-05T22:22:19.439Z,link-discovered,recruiter-search,there,https://www.linkedin.com/in/shweta-tiwari-5b33ab1a/
Log,2026-05-05T22:22:19.427Z,info,recruiter-prospector,↷ https://www.linkedin.com/in/vijayata-k-a-152223231/ — no connect button (viewed),
Log,2026-05-05T22:22:19.419Z,warn,recruiter-prospector,"[Diag] no connect btn found | card buttons: ""Skip to main content"" aria="""" | """" aria=""Close jump menu"" | ""Home"" aria=""Home, 1 new notification"" | ""Me"" aria="""" | ""For Business"" aria=""For Business"" | ""All filters"" aria="""" | ""Previous"" aria="""" | ""8"" aria=""Page 8"" | ""9"" aria=""Page 9"" | ""10"" aria=""Page 10"" | ""11"" aria=""Page 11"" | ""12"" aria=""Page 12"" | ""13"" aria=""Page 13"" | ""14"" aria=""Page 14"" | ""15"" aria=""Page 15"" | ""16"" aria=""Page 16"" | ""17"" aria=""Page 17"" | ""Next"" aria="""" | """" aria=""Dismiss"" | ""Why am I seeing this ad?Manage"" aria=""Why am I seeing this ad?"" | ""Hide or report this adI don’t "" aria=""Hide or report this ad"" | """" aria=""Dismiss"" | ""Report this ad"" aria="""" | ""Submit"" aria=""""",
Log,2026-05-05T22:22:17.622Z,info,,▶ ssi-monitor started | https://www.linkedin.com/sales/ssi,
Log,2026-05-05T22:22:13.978Z,info,,Step 1/6 — Capturing SSI scores…,
Log,2026-05-05T22:22:13.972Z,warn,,[Interval] Run started. Cap today: 15.,
Link,2026-05-05T22:22:07.437Z,link-discovered,recruiter-search,there,https://www.linkedin.com/in/vijayata-k-a-152223231/
Log,2026-05-05T22:22:07.427Z,info,recruiter-prospector,page 4/10 — 13 cards found,
Log,2026-05-05T22:22:00.459Z,info,recruiter-prospector,▶ page 4 — waiting for SPA render...,
Log,2026-05-05T22:21:56.435Z,info,recruiter-prospector,↷ https://www.linkedin.com/in/lelles/ — no connect button (viewed),
Log,2026-05-05T22:21:56.425Z,warn,recruiter-prospector,[Diag] no connect btn found | card buttons: none,
Link,2026-05-05T22:20:56.454Z,link-discovered,recruiter-search,there,https://www.linkedin.com/in/richa-joshi-02477459/
Log,2026-05-05T22:20:56.446Z,info,recruiter-prospector,↷ https://www.linkedin.com/in/milena-staletovic-a094761a9/ — no connect button (viewed),
Log,2026-05-05T22:20:56.433Z,warn,recruiter-prospector,[Diag] no connect btn found | card buttons: none,
Link,2026-05-05T22:19:56.443Z,link-discovered,recruiter-search,there,https://www.linkedin.com/in/lelles/
Log,2026-05-05T22:19:56.435Z,info,recruiter-prospector,↷ https://www.linkedin.com/in/pratyusha-v-985a23246/ — no connect button (viewed),
Log,2026-05-05T22:19:56.424Z,warn,recruiter-prospector,[Diag] no connect btn found | card buttons: none,
Link,2026-05-05T22:18:56.459Z,link-discovered,recruiter-search,there,https://www.linkedin.com/in/lindsay-smith-b7b42218a/
Log,2026-05-05T22:18:56.444Z,info,recruiter-prospector,↷ https://www.linkedin.com/in/riya-verma-a65a75263/ — no connect button (viewed),
Log,2026-05-05T22:18:56.430Z,warn,recruiter-prospector,[Diag] no connect btn found | card buttons: none,
Link,2026-05-05T22:17:56.445Z,link-discovered,recruiter-search,there,https://www.linkedin.com/in/pratyusha-v-985a23246/
Log,2026-05-05T22:17:56.438Z,info,recruiter-prospector,↷ https://www.linkedin.com/in/mallesh-g-b76664242/ — no connect button (viewed),
Log,2026-05-05T22:17:56.428Z,warn,recruiter-prospector,[Diag] no connect btn found | card buttons: none,
Link,2026-05-05T22:16:56.454Z,link-discovered,recruiter-search,there,https://www.linkedin.com/in/ashutosh-singh-a444394a/
Log,2026-05-05T22:16:56.444Z,info,recruiter-prospector,↷ https://www.linkedin.com/in/connor-shanahan-554ba8214/ — no connect button (viewed),
Log,2026-05-05T22:16:56.433Z,warn,recruiter-prospector,[Diag] no connect btn found | card buttons: none,
Link,2026-05-05T22:15:56.443Z,link-discovered,recruiter-search,there,https://www.linkedin.com/in/mallesh-g-b76664242/
Log,2026-05-05T22:15:56.435Z,info,recruiter-prospector,↷ https://www.linkedin.com/in/lakhan-joshi-7468301a9/ — no connect button (viewed),
Log,2026-05-05T22:15:56.423Z,warn,recruiter-prospector,[Diag] no connect btn found | card buttons: none,
Link,2026-05-05T22:14:56.450Z,link-discovered,recruiter-search,there,https://www.linkedin.com/in/connor-shanahan-554ba8214/
Log,2026-05-05T22:14:56.435Z,info,recruiter-prospector,↷ https://www.linkedin.com/in/amit-k-sen/ — no connect button (viewed),
Log,2026-05-05T22:14:56.422Z,warn,recruiter-prospector,[Diag] no connect btn found | card buttons: none,
Link,2026-05-05T22:13:56.450Z,link-discovered,recruiter-search,there,https://www.linkedin.com/in/lakhan-joshi-7468301a9/
Log,2026-05-05T22:13:56.442Z,info,recruiter-prospector,↷ https://www.linkedin.com/in/bhaskar-sharma-280733235/ — no connect button (viewed),
Log,2026-05-05T22:13:56.430Z,warn,recruiter-prospector,[Diag] no connect btn found | card buttons: none,
Link,2026-05-05T22:12:56.451Z,link-discovered,recruiter-search,there,https://www.linkedin.com/in/hardik-akhani-641568265/
Log,2026-05-05T22:12:56.441Z,info,recruiter-prospector,↷ https://www.linkedin.com/in/leah-braun-103396152/ — no connect button (viewed),
Log,2026-05-05T22:12:56.430Z,warn,recruiter-prospector,[Diag] no connect btn found | card buttons: none,
Link,2026-05-05T22:11:56.445Z,link-discovered,recruiter-search,there,https://www.linkedin.com/in/bhaskar-sharma-280733235/
Log,2026-05-05T22:11:56.437Z,info,recruiter-prospector,↷ https://www.linkedin.com/in/jennifer-maria-pais-3aa02637/ — no connect button (viewed),
Log,2026-05-05T22:11:56.426Z,warn,recruiter-prospector,[Diag] no connect btn found | card buttons: none,
Link,2026-05-05T22:10:56.447Z,link-discovered,recruiter-search,there,https://www.linkedin.com/in/leah-braun-103396152/
Log,2026-05-05T22:10:56.438Z,info,recruiter-prospector,↷ https://www.linkedin.com/in/seth-w-a84719268/ — no connect button (viewed),
Log,2026-05-05T22:10:56.425Z,warn,recruiter-prospector,[Diag] no connect btn found | card buttons: none,
Link,2026-05-05T22:09:56.453Z,link-discovered,recruiter-search,there,https://www.linkedin.com/in/jennifer-maria-pais-3aa02637/
Log,2026-05-05T22:09:56.440Z,info,recruiter-prospector,↷ https://www.linkedin.com/in/michellecobb/ — no connect button (viewed),
Log,2026-05-05T22:09:56.425Z,warn,recruiter-prospector,[Diag] no connect btn found | card buttons: none,
Link,2026-05-05T22:08:56.445Z,link-discovered,recruiter-search,there,https://www.linkedin.com/in/seth-w-a84719268/
Log,2026-05-05T22:08:56.434Z,info,recruiter-prospector,↷ https://www.linkedin.com/in/emily-pitt-005915102/ — no connect button (viewed),
Log,2026-05-05T22:08:56.422Z,warn,recruiter-prospector,[Diag] no connect btn found | card buttons: none,
Link,2026-05-05T22:07:56.442Z,link-discovered,recruiter-search,there,https://www.linkedin.com/in/michellecobb/
Log,2026-05-05T22:07:56.434Z,info,recruiter-prospector,↷ https://www.linkedin.com/in/p-swathi-a70a52240/ — no connect button (viewed),
Log,2026-05-05T22:07:56.426Z,warn,recruiter-prospector,[Diag] no connect btn found | card buttons: none,
Link,2026-05-05T22:06:56.449Z,link-discovered,recruiter-search,there,https://www.linkedin.com/in/vishaka-mallanawar-729264246/
Log,2026-05-05T22:06:56.440Z,info,recruiter-prospector,↷ https://www.linkedin.com/in/anila-usman/ — no connect button (viewed),
Log,2026-05-05T22:06:56.426Z,warn,recruiter-prospector,[Diag] no connect btn found | card buttons: none,
Link,2026-05-05T22:05:56.450Z,link-discovered,recruiter-search,there,https://www.linkedin.com/in/p-swathi-a70a52240/
Log,2026-05-05T22:05:56.441Z,info,recruiter-prospector,↷ https://www.linkedin.com/in/christaferrill/ — no connect button (viewed),
Log,2026-05-05T22:05:56.430Z,warn,recruiter-prospector,[Diag] no connect btn found | card buttons: none,
Link,2026-05-05T22:05:22.446Z,link-discovered,recruiter-search,there,https://www.linkedin.com/in/anila-usman/
Log,2026-05-05T22:05:22.436Z,info,recruiter-prospector,↷ https://www.linkedin.com/in/collins-nwudo-a16834238/ — no connect button (viewed),
Log,2026-05-05T22:05:22.427Z,warn,recruiter-prospector,"[Diag] no connect btn found | card buttons: ""Skip to main content"" aria="""" | """" aria=""Close jump menu"" | ""Home"" aria=""Home, 1 new notification"" | ""Me"" aria="""" | ""For Business"" aria=""For Business"" | ""All filters"" aria="""" | ""Previous"" aria="""" | ""11"" aria=""Page 11"" | ""12"" aria=""Page 12"" | ""13"" aria=""Page 13"" | ""14"" aria=""Page 14"" | ""15"" aria=""Page 15"" | ""16"" aria=""Page 16"" | ""17"" aria=""Page 17"" | ""18"" aria=""Page 18"" | ""19"" aria=""Page 19"" | ""20"" aria=""Page 20"" | ""Next"" aria="""" | """" aria=""Dismiss"" | ""Why am I seeing this ad?Manage"" aria=""Why am I seeing this ad?"" | ""Hide or report this adI don’t "" aria=""Hide or report this ad"" | """" aria=""Dismiss"" | ""Report this ad"" aria="""" | ""Submit"" aria=""""",
Link,2026-05-05T22:05:09.430Z,link-discovered,recruiter-search,there,https://www.linkedin.com/in/collins-nwudo-a16834238/
Log,2026-05-05T22:05:09.423Z,info,recruiter-prospector,page 9/10 — 10 cards found,
Log,2026-05-05T22:05:02.460Z,info,recruiter-prospector,▶ page 9 — waiting for SPA render...,
Link,2026-05-05T22:04:56.455Z,link-discovered,recruiter-search,there,https://www.linkedin.com/in/bala-r-a0022524b/
Log,2026-05-05T22:04:56.441Z,info,recruiter-prospector,↷ https://www.linkedin.com/in/lakshmi-gp-skills/ — no connect button (viewed),
Log,2026-05-05T22:04:56.426Z,warn,recruiter-prospector,[Diag] no connect btn found | card buttons: none,
Link,2026-05-05T22:03:56.457Z,link-discovered,recruiter-search,there,https://www.linkedin.com/in/christaferrill/
Log,2026-05-05T22:03:56.445Z,info,recruiter-prospector,↷ https://www.linkedin.com/in/kunalprajapati167/ — no connect button (viewed),
Log,2026-05-05T22:03:56.429Z,warn,recruiter-prospector,[Diag] no connect btn found | card buttons: none,
Link,2026-05-05T22:03:18.446Z,link-discovered,recruiter-search,there,https://www.linkedin.com/in/lakshmi-gp-skills/
Log,2026-05-05T22:03:18.438Z,info,recruiter-prospector,↷ https://www.linkedin.com/in/bonnie-bb-bernard-4800a1173/ — no connect button (viewed),
Log,2026-05-05T22:03:18.432Z,warn,recruiter-prospector,"[Diag] no connect btn found | card buttons: ""Skip to main content"" aria="""" | """" aria=""Close jump menu"" | ""Home"" aria=""Home, 1 new notification"" | ""Me"" aria="""" | ""For Business"" aria=""For Business"" | ""All filters"" aria="""" | ""Previous"" aria="""" | ""9"" aria=""Page 9"" | ""10"" aria=""Page 10"" | ""11"" aria=""Page 11"" | ""12"" aria=""Page 12"" | ""13"" aria=""Page 13"" | ""14"" aria=""Page 14"" | ""15"" aria=""Page 15"" | ""16"" aria=""Page 16"" | ""17"" aria=""Page 17"" | ""18"" aria=""Page 18"" | ""Next"" aria="""" | """" aria=""Dismiss"" | ""Why am I seeing this ad?Manage"" aria=""Why am I seeing this ad?"" | ""Hide or report this adI don’t "" aria=""Hide or report this ad"" | """" aria=""Dismiss"" | ""Report this ad"" aria="""" | ""Submit"" aria=""""",
Link,2026-05-05T22:03:05.434Z,link-discovered,recruiter-search,there,https://www.linkedin.com/in/bonnie-bb-bernard-4800a1173/
Log,2026-05-05T22:03:05.426Z,info,recruiter-prospector,page 6/10 — 12 cards found,
Log,2026-05-05T22:03:00.460Z,info,recruiter-prospector,▶ page 6 — waiting for SPA render...,
Link,2026-05-05T22:02:56.457Z,link-discovered,recruiter-search,there,https://www.linkedin.com/in/sivam-dubey-7167081a1/
Log,2026-05-05T22:02:56.444Z,info,recruiter-prospector,↷ https://www.linkedin.com/in/sapna-gupta-9749b2281/ — no connect button (viewed),
Log,2026-05-05T22:02:56.430Z,warn,recruiter-prospector,[Diag] no connect btn found | card buttons: none,
Link,2026-05-05T22:01:56.447Z,link-discovered,recruiter-search,there,https://www.linkedin.com/in/kunalprajapati167/
Log,2026-05-05T22:01:56.439Z,info,recruiter-prospector,↷ https://www.linkedin.com/in/arsh-khan-5b3aa3216/ — no connect button (viewed),
Log,2026-05-05T22:01:56.425Z,warn,recruiter-prospector,[Diag] no connect btn found | card buttons: none,
Link,2026-05-05T22:00:56.455Z,link-discovered,recruiter-search,there,https://www.linkedin.com/in/billybisson612/
Log,2026-05-05T22:00:56.443Z,info,recruiter-prospector,↷ https://www.linkedin.com/in/shaziya-khan-019490142/ — no connect button (viewed),
Log,2026-05-05T22:00:56.425Z,warn,recruiter-prospector,[Diag] no connect btn found | card buttons: none,
Link,2026-05-05T22:00:19.443Z,link-discovered,recruiter-search,there,https://www.linkedin.com/in/arsh-khan-5b3aa3216/
Log,2026-05-05T22:00:19.436Z,info,recruiter-prospector,↷ https://www.linkedin.com/in/poojitha-v-42154a240/ — no connect button (viewed),
Log,2026-05-05T22:00:19.428Z,warn,recruiter-prospector,"[Diag] no connect btn found | card buttons: ""Skip to main content"" aria="""" | """" aria=""Close jump menu"" | ""Home"" aria=""Home, 1 new notification"" | ""Me"" aria="""" | ""For Business"" aria=""For Business"" | ""All filters"" aria="""" | ""Previous"" aria="""" | ""7"" aria=""Page 7"" | ""8"" aria=""Page 8"" | ""9"" aria=""Page 9"" | ""10"" aria=""Page 10"" | ""11"" aria=""Page 11"" | ""12"" aria=""Page 12"" | ""13"" aria=""Page 13"" | ""14"" aria=""Page 14"" | ""15"" aria=""Page 15"" | ""16"" aria=""Page 16"" | ""Next"" aria="""" | """" aria=""Dismiss"" | ""Why am I seeing this ad?Manage"" aria=""Why am I seeing this ad?"" | ""Hide or report this adI don’t "" aria=""Hide or report this ad"" | """" aria=""Dismiss"" | ""Report this ad"" aria="""" | ""Submit"" aria=""""",
Link,2026-05-05T22:00:07.440Z,link-discovered,recruiter-search,there,https://www.linkedin.com/in/poojitha-v-42154a240/
Log,2026-05-05T22:00:07.430Z,info,recruiter-prospector,page 3/10 — 12 cards found,
Log,2026-05-05T22:00:01.456Z,info,recruiter-prospector,▶ page 3 — waiting for SPA render...,
Log,2026-05-05T21:59:56.436Z,info,recruiter-prospector,↷ https://www.linkedin.com/in/shruti-verma-866aa676/ — no connect button (viewed),
Log,2026-05-05T21:59:56.424Z,warn,recruiter-prospector,[Diag] no connect btn found | card buttons: none,
Link,2026-05-05T21:58:56.456Z,link-discovered,recruiter-search,there,https://www.linkedin.com/in/sainath-akula-64b8862a/
Log,2026-05-05T21:58:56.444Z,info,recruiter-prospector,↷ https://www.linkedin.com/in/akula-vandana-ba3060196/ — no connect button (viewed),
Log,2026-05-05T21:58:56.432Z,warn,recruiter-prospector,[Diag] no connect btn found | card buttons: none,
Link,2026-05-05T21:57:56.437Z,link-discovered,recruiter-search,there,https://www.linkedin.com/in/shruti-verma-866aa676/
Log,2026-05-05T21:57:56.430Z,info,recruiter-prospector,↷ https://www.linkedin.com/in/savitha-pai-73b04026/ — no connect button (viewed),
Log,2026-05-05T21:57:56.419Z,warn,recruiter-prospector,[Diag] no connect btn found | card buttons: none,
Link,2026-05-05T21:56:56.446Z,link-discovered,recruiter-search,there,https://www.linkedin.com/in/james-budilovsky-514b1b97/
Log,2026-05-05T21:56:56.436Z,info,recruiter-prospector,↷ https://www.linkedin.com/in/vineeth-spj-5001331a1/ — no connect button (viewed),
Log,2026-05-05T21:56:56.422Z,warn,recruiter-prospector,[Diag] no connect btn found | card buttons: none,
Link,2026-05-05T21:55:56.457Z,link-discovered,recruiter-search,there,https://www.linkedin.com/in/savitha-pai-73b04026/
Log,2026-05-05T21:55:56.446Z,info,recruiter-prospector,↷ https://www.linkedin.com/in/cyril-francis-790b08229/ — no connect button (viewed),
Log,2026-05-05T21:55:56.433Z,warn,recruiter-prospector,[Diag] no connect btn found | card buttons: none,
Link,2026-05-05T21:54:56.441Z,link-discovered,recruiter-search,there,https://www.linkedin.com/in/vineeth-spj-5001331a1/
Log,2026-05-05T21:54:56.430Z,info,recruiter-prospector,↷ https://www.linkedin.com/in/pavan-vasarla-3942a7253/ — no connect button (viewed),
Log,2026-05-05T21:54:56.420Z,warn,recruiter-prospector,[Diag] no connect btn found | card buttons: none,
Link,2026-05-05T21:53:56.443Z,link-discovered,recruiter-search,there,https://www.linkedin.com/in/cyril-francis-790b08229/
Log,2026-05-05T21:53:56.434Z,info,recruiter-prospector,↷ https://www.linkedin.com/in/ajit-s-708a71231/ — no connect button (viewed),
Log,2026-05-05T21:53:56.424Z,warn,recruiter-prospector,[Diag] no connect btn found | card buttons: none,
Link,2026-05-05T21:52:56.452Z,link-discovered,recruiter-search,there,https://www.linkedin.com/in/apurva0109/
Log,2026-05-05T21:52:56.441Z,info,recruiter-prospector,↷ https://www.linkedin.com/in/anubhav-rastogi-12b778208/ — no connect button (viewed),
Log,2026-05-05T21:52:56.426Z,warn,recruiter-prospector,[Diag] no connect btn found | card buttons: none,
Link,2026-05-05T21:51:56.445Z,link-discovered,recruiter-search,there,https://www.linkedin.com/in/ajit-s-708a71231/
Log,2026-05-05T21:51:56.436Z,info,recruiter-prospector,↷ https://www.linkedin.com/in/anusha-d-150bb028a/ — no connect button (viewed),
Log,2026-05-05T21:51:56.424Z,warn,recruiter-prospector,[Diag] no connect btn found | card buttons: none,
Link,2026-05-05T21:50:56.446Z,link-discovered,recruiter-search,there,https://www.linkedin.com/in/anubhav-rastogi-12b778208/
Log,2026-05-05T21:50:56.434Z,info,recruiter-prospector,↷ https://www.linkedin.com/in/pallavi-katragadda/ — no connect button (viewed),
Log,2026-05-05T21:50:56.420Z,warn,recruiter-prospector,[Diag] no connect btn found | card buttons: none,
Link,2026-05-05T21:49:56.439Z,link-discovered,recruiter-search,there,https://www.linkedin.com/in/anusha-d-150bb028a/
Log,2026-05-05T21:49:56.432Z,info,recruiter-prospector,↷ https://www.linkedin.com/in/harleen-kaur-uppal-197276333/ — no connect button (viewed),
Log,2026-05-05T21:49:56.419Z,warn,recruiter-prospector,[Diag] no connect btn found | card buttons: none,
Link,2026-05-05T21:48:56.455Z,link-discovered,recruiter-search,there,https://www.linkedin.com/in/pallavi-katragadda/
Log,2026-05-05T21:48:56.444Z,info,recruiter-prospector,↷ https://www.linkedin.com/in/arshika-tyagi-99635b216/ — no connect button (viewed),
Log,2026-05-05T21:48:56.428Z,warn,recruiter-prospector,[Diag] no connect btn found | card buttons: none,
Link,2026-05-05T21:47:56.441Z,link-discovered,recruiter-search,there,https://www.linkedin.com/in/harleen-kaur-uppal-197276333/
Log,2026-05-05T21:47:56.432Z,info,recruiter-prospector,↷ https://www.linkedin.com/in/michaelreynolds5/ — no connect button (viewed),
Log,2026-05-05T21:47:56.421Z,warn,recruiter-prospector,[Diag] no connect btn found | card buttons: none,
Link,2026-05-05T21:47:21.444Z,link-discovered,recruiter-search,there,https://www.linkedin.com/in/arshika-tyagi-99635b216/
Log,2026-05-05T21:47:21.438Z,info,recruiter-prospector,↷ https://www.linkedin.com/in/priyanka-potdar-b13687262/ — no connect button (viewed),
Log,2026-05-05T21:47:21.429Z,warn,recruiter-prospector,"[Diag] no connect btn found | card buttons: ""Skip to main content"" aria="""" | """" aria=""Close jump menu"" | ""Home"" aria=""Home, 1 new notification"" | ""Me"" aria="""" | ""For Business"" aria=""For Business"" | ""All filters"" aria="""" | ""Previous"" aria="""" | ""10"" aria=""Page 10"" | ""11"" aria=""Page 11"" | ""12"" aria=""Page 12"" | ""13"" aria=""Page 13"" | ""14"" aria=""Page 14"" | ""15"" aria=""Page 15"" | ""16"" aria=""Page 16"" | ""17"" aria=""Page 17"" | ""18"" aria=""Page 18"" | ""19"" aria=""Page 19"" | ""Next"" aria="""" | """" aria=""Dismiss"" | ""Why am I seeing this ad?Manage"" aria=""Why am I seeing this ad?"" | ""Hide or report this adI don’t "" aria=""Hide or report this ad"" | """" aria=""Dismiss"" | ""Report this ad"" aria="""" | ""Submit"" aria=""""",
Link,2026-05-05T21:47:08.439Z,link-discovered,recruiter-search,there,https://www.linkedin.com/in/priyanka-potdar-b13687262/
Log,2026-05-05T21:47:08.429Z,info,recruiter-prospector,page 8/10 — 10 cards found,
Log,2026-05-05T21:47:02.469Z,info,recruiter-prospector,▶ page 8 — waiting for SPA render...,
Link,2026-05-05T21:46:56.455Z,link-discovered,recruiter-search,there,https://www.linkedin.com/in/maniratnnam-kambalapalli-7866372a9/
Log,2026-05-05T21:46:56.445Z,info,recruiter-prospector,↷ https://www.linkedin.com/in/deeksha-sirsatiya-872328188/ — no connect button (viewed),
Log,2026-05-05T21:46:56.430Z,warn,recruiter-prospector,[Diag] no connect btn found | card buttons: none,
Link,2026-05-05T21:45:56.446Z,link-discovered,recruiter-search,there,https://www.linkedin.com/in/michaelreynolds5/
Log,2026-05-05T21:45:56.437Z,info,recruiter-prospector,↷ https://www.linkedin.com/in/apparao-puli-592b5a252/ — no connect button (viewed),
Log,2026-05-05T21:45:56.427Z,warn,recruiter-prospector,[Diag] no connect btn found | card buttons: none,
Link,2026-05-05T21:44:56.456Z,link-discovered,recruiter-search,there,https://www.linkedin.com/in/amrit25081996/
Log,2026-05-05T21:44:56.446Z,info,recruiter-prospector,↷ https://www.linkedin.com/in/shivani-p-6137061a7/ — no connect button (viewed),
Log,2026-05-05T21:44:56.432Z,warn,recruiter-prospector,[Diag] no connect btn found | card buttons: none,
Link,2026-05-05T21:43:56.450Z,link-discovered,recruiter-search,there,https://www.linkedin.com/in/apparao-puli-592b5a252/
Log,2026-05-05T21:43:56.442Z,info,recruiter-prospector,↷ https://www.linkedin.com/in/jason-love-618057174/ — no connect button (viewed),
Log,2026-05-05T21:43:56.431Z,warn,recruiter-prospector,[Diag] no connect btn found | card buttons: none,
Link,2026-05-05T21:42:56.452Z,link-discovered,recruiter-search,there,https://www.linkedin.com/in/uday-singh-466742215/
Log,2026-05-05T21:42:56.440Z,info,recruiter-prospector,↷ https://www.linkedin.com/in/milena-staletovic-a094761a9/ — no connect button (viewed),
Log,2026-05-05T21:42:56.429Z,warn,recruiter-prospector,[Diag] no connect btn found | card buttons: none,
Link,2026-05-05T21:41:56.456Z,link-discovered,recruiter-search,there,https://www.linkedin.com/in/jason-love-618057174/
Log,2026-05-05T21:41:56.449Z,info,recruiter-prospector,↷ https://www.linkedin.com/in/shivam-pandey-b967221a1/ — no connect button (viewed),
Log,2026-05-05T21:41:56.428Z,warn,recruiter-prospector,[Diag] no connect btn found | card buttons: none,
Link,2026-05-05T21:40:56.468Z,link-discovered,recruiter-search,there,https://www.linkedin.com/in/bipin-kandpal-069145123/
Log,2026-05-05T21:40:56.459Z,success,recruiter-prospector,■ recruiter-prospector DONE | 0 sent / 111 checked,
Log,2026-05-05T21:40:56.445Z,info,recruiter-prospector,↷ https://www.linkedin.com/in/ashutosh-singh-a444394a/ — no connect button (viewed),
Log,2026-05-05T21:40:56.433Z,warn,recruiter-prospector,[Diag] no connect btn found | card buttons: none,
Link,2026-05-05T21:40:18.443Z,link-discovered,recruiter-search,there,https://www.linkedin.com/in/shivam-pandey-b967221a1/
Log,2026-05-05T21:40:18.437Z,info,recruiter-prospector,↷ https://www.linkedin.com/in/monika-dahat-639a41228/ — no connect button (viewed),
Log,2026-05-05T21:40:18.428Z,warn,recruiter-prospector,"[Diag] no connect btn found | card buttons: ""Skip to main content"" aria="""" | """" aria=""Close jump menu"" | ""Home"" aria=""Home, 1 new notification"" | ""Me"" aria="""" | ""For Business"" aria=""For Business"" | ""All filters"" aria="""" | ""Previous"" aria="""" | ""6"" aria=""Page 6"" | ""7"" aria=""Page 7"" | ""8"" aria=""Page 8"" | ""9"" aria=""Page 9"" | ""10"" aria=""Page 10"" | ""11"" aria=""Page 11"" | ""12"" aria=""Page 12"" | ""13"" aria=""Page 13"" | ""14"" aria=""Page 14"" | ""15"" aria=""Page 15"" | ""Next"" aria="""" | """" aria=""Dismiss"" | ""Why am I seeing this ad?Manage"" aria=""Why am I seeing this ad?"" | ""Hide or report this adI don’t "" aria=""Hide or report this ad"" | """" aria=""Dismiss"" | ""Report this ad"" aria="""" | ""Submit"" aria=""""",
Link,2026-05-05T21:40:08.441Z,link-discovered,recruiter-search,there,https://www.linkedin.com/in/monika-dahat-639a41228/
Log,2026-05-05T21:40:08.433Z,info,recruiter-prospector,page 2/10 — 11 cards found,
Log,2026-05-05T21:40:02.470Z,info,recruiter-prospector,▶ page 2 — waiting for SPA render...,
Log,2026-05-05T21:39:56.440Z,info,recruiter-prospector,↷ https://www.linkedin.com/in/revathi-yalagala-889ab0247/ — no connect button (viewed),
Log,2026-05-05T21:39:56.428Z,warn,recruiter-prospector,[Diag] no connect btn found | card buttons: none,
Link,2026-05-05T21:39:21.436Z,link-discovered,recruiter-search,there,https://www.linkedin.com/in/shweta-tiwari-5b33ab1a/
Log,2026-05-05T21:39:21.428Z,info,recruiter-prospector,↷ https://www.linkedin.com/in/vijayata-k-a-152223231/ — no connect button (viewed),
Log,2026-05-05T21:39:21.421Z,warn,recruiter-prospector,"[Diag] no connect btn found | card buttons: ""Skip to main content"" aria="""" | """" aria=""Close jump menu"" | ""Home"" aria=""Home, 1 new notification"" | ""Me"" aria="""" | ""For Business"" aria=""For Business"" | ""All filters"" aria="""" | ""Previous"" aria="""" | ""8"" aria=""Page 8"" | ""9"" aria=""Page 9"" | ""10"" aria=""Page 10"" | ""11"" aria=""Page 11"" | ""12"" aria=""Page 12"" | ""13"" aria=""Page 13"" | ""14"" aria=""Page 14"" | ""15"" aria=""Page 15"" | ""16"" aria=""Page 16"" | ""17"" aria=""Page 17"" | ""Next"" aria="""" | """" aria=""Dismiss"" | ""Why am I seeing this ad?Manage"" aria=""Why am I seeing this ad?"" | ""Hide or report this adI don’t "" aria=""Hide or report this ad"" | """" aria=""Dismiss"" | ""Report this ad"" aria="""" | ""Submit"" aria=""""",
Link,2026-05-05T21:39:08.441Z,link-discovered,recruiter-search,there,https://www.linkedin.com/in/vijayata-k-a-152223231/
Log,2026-05-05T21:39:08.429Z,info,recruiter-prospector,page 5/10 — 13 cards found,
Log,2026-05-05T21:39:02.462Z,info,recruiter-prospector,▶ page 5 — waiting for SPA render...,
Link,2026-05-05T21:38:56.444Z,link-discovered,recruiter-search,there,https://www.linkedin.com/in/ashutosh-singh-a444394a/
Log,2026-05-05T21:38:56.434Z,info,recruiter-prospector,↷ https://www.linkedin.com/in/lelles/ — no connect button (viewed),
Log,2026-05-05T21:38:56.423Z,warn,recruiter-prospector,[Diag] no connect btn found | card buttons: none,
Link,2026-05-05T21:37:56.450Z,link-discovered,recruiter-search,there,https://www.linkedin.com/in/revathi-yalagala-889ab0247/
Log,2026-05-05T21:37:56.442Z,info,recruiter-prospector,↷ https://www.linkedin.com/in/mavuluri-prakyath-307911207/ — no connect button (viewed),
Log,2026-05-05T21:37:56.430Z,warn,recruiter-prospector,[Diag] no connect btn found | card buttons: none,
Link,2026-05-05T21:36:56.454Z,link-discovered,recruiter-search,there,https://www.linkedin.com/in/lelles/
Log,2026-05-05T21:36:56.439Z,info,recruiter-prospector,↷ https://www.linkedin.com/in/pratyusha-v-985a23246/ — no connect button (viewed),
Log,2026-05-05T21:36:56.428Z,warn,recruiter-prospector,[Diag] no connect btn found | card buttons: none,
Link,2026-05-05T21:35:56.440Z,link-discovered,recruiter-search,there,https://www.linkedin.com/in/mavuluri-prakyath-307911207/
Log,2026-05-05T21:35:56.433Z,info,recruiter-prospector,↷ https://www.linkedin.com/in/gowthami-shekar-85a322268/ — no connect button (viewed),
Log,2026-05-05T21:35:56.421Z,warn,recruiter-prospector,[Diag] no connect btn found | card buttons: none,
Link,2026-05-05T21:34:56.453Z,link-discovered,recruiter-search,there,https://www.linkedin.com/in/amit-k-sen/
Log,2026-05-05T21:34:56.441Z,info,recruiter-prospector,↷ https://www.linkedin.com/in/rachnabahuguna/ — no connect button (viewed),
Log,2026-05-05T21:34:56.428Z,warn,recruiter-prospector,[Diag] no connect btn found | card buttons: none,
Link,2026-05-05T21:33:56.449Z,link-discovered,recruiter-search,there,https://www.linkedin.com/in/gowthami-shekar-85a322268/
Log,2026-05-05T21:33:56.441Z,info,recruiter-prospector,↷ https://www.linkedin.com/in/aarthi-sharma-2350b7231/ — no connect button (viewed),
Log,2026-05-05T21:33:56.429Z,warn,recruiter-prospector,[Diag] no connect btn found | card buttons: none,
Link,2026-05-05T21:32:56.462Z,link-discovered,recruiter-search,there,https://www.linkedin.com/in/mallesh-g-b76664242/
Log,2026-05-05T21:32:56.450Z,info,recruiter-prospector,↷ https://www.linkedin.com/in/lakhan-joshi-7468301a9/ — no connect button (viewed),
Log,2026-05-05T21:32:56.431Z,warn,recruiter-prospector,[Diag] no connect btn found | card buttons: none,
Link,2026-05-05T21:31:56.446Z,link-discovered,recruiter-search,there,https://www.linkedin.com/in/aarthi-sharma-2350b7231/
Log,2026-05-05T21:31:56.439Z,info,recruiter-prospector,↷ https://www.linkedin.com/in/taylor-b-19122195/ — no connect button (viewed),
Log,2026-05-05T21:31:56.429Z,warn,recruiter-prospector,[Diag] no connect btn found | card buttons: none,
Link,2026-05-05T21:30:56.443Z,link-discovered,recruiter-search,there,https://www.linkedin.com/in/mitra-mahdavi-15413611/
Log,2026-05-05T21:30:56.433Z,info,recruiter-prospector,↷ https://www.linkedin.com/in/bhaskar-sharma-280733235/ — no connect button (viewed),
Log,2026-05-05T21:30:56.422Z,warn,recruiter-prospector,[Diag] no connect btn found | card buttons: none,
Link,2026-05-05T21:29:56.449Z,link-discovered,recruiter-search,there,https://www.linkedin.com/in/taylor-b-19122195/
Log,2026-05-05T21:29:56.439Z,info,recruiter-prospector,↷ https://www.linkedin.com/in/joseph-adam-64032221a/ — no connect button (viewed),
Log,2026-05-05T21:29:56.429Z,warn,recruiter-prospector,[Diag] no connect btn found | card buttons: none,
Link,2026-05-05T21:28:56.456Z,link-discovered,recruiter-search,there,https://www.linkedin.com/in/seth-w-a84719268/
Log,2026-05-05T21:28:56.441Z,info,recruiter-prospector,↷ https://www.linkedin.com/in/anila-usman/ — no connect button (viewed),
Log,2026-05-05T21:28:56.427Z,warn,recruiter-prospector,[Diag] no connect btn found | card buttons: none,
Link,2026-05-05T21:27:56.447Z,link-discovered,recruiter-search,there,https://www.linkedin.com/in/joseph-adam-64032221a/
Log,2026-05-05T21:27:56.439Z,info,recruiter-prospector,↷ https://www.linkedin.com/in/sushma-prasanna-647244233/ — no connect button (viewed),
Log,2026-05-05T21:27:56.426Z,warn,recruiter-prospector,[Diag] no connect btn found | card buttons: none,
Link,2026-05-05T21:26:56.461Z,link-discovered,recruiter-search,there,https://www.linkedin.com/in/bala-r-a0022524b/
Log,2026-05-05T21:26:56.447Z,info,recruiter-prospector,↷ https://www.linkedin.com/in/lakshmi-gp-skills/ — no connect button (viewed),
Log,2026-05-05T21:26:56.432Z,warn,recruiter-prospector,[Diag] no connect btn found | card buttons: none,
Link,2026-05-05T21:25:56.448Z,link-discovered,recruiter-search,there,https://www.linkedin.com/in/sushma-prasanna-647244233/
Log,2026-05-05T21:25:56.439Z,info,recruiter-prospector,↷ https://www.linkedin.com/in/muhammad-saif-ullah-55046a13a/ — no connect button (viewed),
Log,2026-05-05T21:25:56.426Z,warn,recruiter-prospector,[Diag] no connect btn found | card buttons: none,
Link,2026-05-05T21:25:22.446Z,link-discovered,recruiter-search,there,https://www.linkedin.com/in/lakshmi-gp-skills/
Log,2026-05-05T21:25:22.433Z,info,recruiter-prospector,↷ https://www.linkedin.com/in/bonnie-bb-bernard-4800a1173/ — no connect button (viewed),
Log,2026-05-05T21:25:22.424Z,warn,recruiter-prospector,"[Diag] no connect btn found | card buttons: ""Skip to main content"" aria="""" | """" aria=""Close jump menu"" | ""Home"" aria=""Home, 1 new notification"" | ""Me"" aria="""" | ""For Business"" aria=""For Business"" | ""All filters"" aria="""" | ""Previous"" aria="""" | ""9"" aria=""Page 9"" | ""10"" aria=""Page 10"" | ""11"" aria=""Page 11"" | ""12"" aria=""Page 12"" | ""13"" aria=""Page 13"" | ""14"" aria=""Page 14"" | ""15"" aria=""Page 15"" | ""16"" aria=""Page 16"" | ""17"" aria=""Page 17"" | ""18"" aria=""Page 18"" | ""Next"" aria="""" | """" aria=""Dismiss"" | ""Why am I seeing this ad?Manage"" aria=""Why am I seeing this ad?"" | ""Hide or report this adI don’t "" aria=""Hide or report this ad"" | """" aria=""Dismiss"" | ""Report this ad"" aria="""" | ""Submit"" aria=""""",
Link,2026-05-05T21:25:07.448Z,link-discovered,recruiter-search,there,https://www.linkedin.com/in/bonnie-bb-bernard-4800a1173/
Log,2026-05-05T21:25:07.432Z,info,recruiter-prospector,page 7/10 — 12 cards found,
Link,2026-05-05T21:24:56.455Z,link-discovered,recruiter-search,there,https://www.linkedin.com/in/collins-nwudo-a16834238/
Link,2026-05-05T21:23:56.444Z,link-discovered,recruiter-search,there,https://www.linkedin.com/in/muhammad-saif-ullah-55046a13a/
Link,2026-05-05T21:23:21.446Z,link-discovered,recruiter-search,there,https://www.linkedin.com/in/kylefinley1/
Link,2026-05-05T21:23:09.435Z,link-discovered,recruiter-search,there,https://www.linkedin.com/in/andrew-symonds-204735235/
Link,2026-05-05T21:23:08.430Z,link-discovered,recruiter-search,there,https://www.linkedin.com/in/mantri-madan-mohan-malavya-a5b5b3324/
Link,2026-05-05T21:22:56.455Z,link-discovered,recruiter-search,there,https://www.linkedin.com/in/p-swathi-a70a52240/
Link,2026-05-05T21:22:52.448Z,link-discovered,recruiter-search,there,https://www.linkedin.com/in/brandon-heath-a66a9b55/
Link,2026-05-05T21:22:40.448Z,link-discovered,recruiter-search,there,https://www.linkedin.com/in/hima-bindu-yidi/
SSI,2026-05-05T21:22:26.429Z,ssi-score,,total:51 brand:16 people:14 insights:14 rel:7,
Link,2026-05-05T21:20:56.455Z,link-discovered,recruiter-search,there,https://www.linkedin.com/in/christaferrill/
Link,2026-05-05T21:18:56.463Z,link-discovered,recruiter-search,there,https://www.linkedin.com/in/kunalprajapati167/
Link,2026-05-05T21:17:19.447Z,link-discovered,recruiter-search,there,https://www.linkedin.com/in/arsh-khan-5b3aa3216/
Link,2026-05-05T21:17:09.431Z,link-discovered,recruiter-search,there,https://www.linkedin.com/in/poojitha-v-42154a240/
Link,2026-05-05T21:16:56.454Z,link-discovered,recruiter-search,there,https://www.linkedin.com/in/shaziya-khan-019490142/
Link,2026-05-05T21:14:56.448Z,link-discovered,recruiter-search,there,https://www.linkedin.com/in/shruti-verma-866aa676/
Link,2026-05-05T21:12:56.452Z,link-discovered,recruiter-search,there,https://www.linkedin.com/in/anubhav-rastogi-12b778208/
Link,2026-05-05T21:10:56.457Z,link-discovered,recruiter-search,there,https://www.linkedin.com/in/cyril-francis-790b08229/
Link,2026-05-05T21:08:56.452Z,link-discovered,recruiter-search,there,https://www.linkedin.com/in/ajit-s-708a71231/
Link,2026-05-05T21:06:56.452Z,link-discovered,recruiter-search,there,https://www.linkedin.com/in/daniel-wills-44a4a51a0/
Link,2026-05-05T21:05:21.444Z,link-discovered,recruiter-search,there,https://www.linkedin.com/in/arshika-tyagi-99635b216/
Link,2026-05-05T21:05:08.440Z,link-discovered,recruiter-search,there,https://www.linkedin.com/in/priyanka-potdar-b13687262/
Link,2026-05-05T21:04:56.458Z,link-discovered,recruiter-search,there,https://www.linkedin.com/in/harleen-kaur-uppal-197276333/
Link,2026-05-05T21:02:56.456Z,link-discovered,recruiter-search,there,https://www.linkedin.com/in/bipin-kandpal-069145123/
Link,2026-05-05T21:01:19.445Z,link-discovered,recruiter-search,there,https://www.linkedin.com/in/shweta-tiwari-5b33ab1a/
Link,2026-05-05T21:01:07.435Z,link-discovered,recruiter-search,there,https://www.linkedin.com/in/vijayata-k-a-152223231/
Link,2026-05-05T21:00:56.455Z,link-discovered,recruiter-search,there,https://www.linkedin.com/in/uday-singh-466742215/
Link,2026-05-05T20:58:56.454Z,link-discovered,recruiter-search,there,https://www.linkedin.com/in/milena-staletovic-a094761a9/
Link,2026-05-05T20:57:15.450Z,link-discovered,recruiter-search,there,https://www.linkedin.com/in/shivam-pandey-b967221a1/
Link,2026-05-05T20:57:06.434Z,link-discovered,recruiter-search,there,https://www.linkedin.com/in/monika-dahat-639a41228/
Link,2026-05-05T20:56:56.459Z,link-discovered,recruiter-search,there,https://www.linkedin.com/in/pratyusha-v-985a23246/
Link,2026-05-05T20:54:56.453Z,link-discovered,recruiter-search,there,https://www.linkedin.com/in/mallesh-g-b76664242/
Link,2026-05-05T20:52:56.455Z,link-discovered,recruiter-search,there,https://www.linkedin.com/in/hardik-akhani-641568265/
Link,2026-05-05T20:50:56.459Z,link-discovered,recruiter-search,there,https://www.linkedin.com/in/leah-braun-103396152/
Link,2026-05-05T20:48:56.454Z,link-discovered,recruiter-search,there,https://www.linkedin.com/in/rahul-pathak-3b2189223/
Link,2026-05-05T20:46:56.456Z,link-discovered,recruiter-search,there,https://www.linkedin.com/in/michellecobb/
Link,2026-05-05T20:44:56.452Z,link-discovered,recruiter-search,there,https://www.linkedin.com/in/bala-r-a0022524b/
Link,2026-05-05T20:43:18.442Z,link-discovered,recruiter-search,there,https://www.linkedin.com/in/lakshmi-gp-skills/
Link,2026-05-05T20:43:07.443Z,link-discovered,recruiter-search,there,https://www.linkedin.com/in/bonnie-bb-bernard-4800a1173/
Link,2026-05-05T20:42:56.463Z,link-discovered,recruiter-search,there,https://www.linkedin.com/in/sushma-prasanna-647244233/
Link,2026-05-05T20:40:56.456Z,link-discovered,recruiter-search,there,https://www.linkedin.com/in/billybisson612/
Link,2026-05-05T20:39:19.446Z,link-discovered,recruiter-search,there,https://www.linkedin.com/in/arsh-khan-5b3aa3216/
Link,2026-05-05T20:39:07.447Z,link-discovered,recruiter-search,there,https://www.linkedin.com/in/poojitha-v-42154a240/
Link,2026-05-05T20:38:56.455Z,link-discovered,recruiter-search,there,https://www.linkedin.com/in/sivam-dubey-7167081a1/
Link,2026-05-05T20:37:17.443Z,link-discovered,recruiter-search,there,https://www.linkedin.com/in/brandon-heath-a66a9b55/
Link,2026-05-05T20:37:07.437Z,link-discovered,recruiter-search,there,https://www.linkedin.com/in/hima-bindu-yidi/
Link,2026-05-05T20:36:56.466Z,link-discovered,recruiter-search,there,https://www.linkedin.com/in/shruti-verma-866aa676/
Link,2026-05-05T20:34:56.456Z,link-discovered,recruiter-search,there,https://www.linkedin.com/in/savitha-pai-73b04026/
Link,2026-05-05T20:32:56.456Z,link-discovered,recruiter-search,there,https://www.linkedin.com/in/nalla-chandana-goud-695a89292/
Link,2026-05-05T20:30:56.456Z,link-discovered,recruiter-search,there,https://www.linkedin.com/in/anubhav-rastogi-12b778208/
Link,2026-05-05T20:28:56.463Z,link-discovered,recruiter-search,there,https://www.linkedin.com/in/anusha-d-150bb028a/
Link,2026-05-05T20:26:56.453Z,link-discovered,recruiter-search,there,https://www.linkedin.com/in/s-k-vats-039860235/
Link,2026-05-05T20:24:56.458Z,link-discovered,recruiter-search,there,https://www.linkedin.com/in/amrit25081996/
Link,2026-05-05T20:23:21.451Z,link-discovered,recruiter-search,there,https://www.linkedin.com/in/utkarsh-kr-1a085461/
Link,2026-05-05T20:23:07.439Z,link-discovered,recruiter-search,there,https://www.linkedin.com/in/priyanka-potdar-b13687262/
Link,2026-05-05T20:23:06.448Z,link-discovered,recruiter-search,there,https://www.linkedin.com/in/manish-jha-b721a6222/
Link,2026-05-05T20:22:56.456Z,link-discovered,recruiter-search,there,https://www.linkedin.com/in/shivani-p-6137061a7/
Link,2026-05-05T20:22:47.443Z,link-discovered,recruiter-search,there,https://www.linkedin.com/in/atul-kumar-baaa46242/
Link,2026-05-05T20:22:37.439Z,link-discovered,recruiter-search,there,https://www.linkedin.com/in/tanusha-bejjam-1236371a0/
SSI,2026-05-05T20:22:24.436Z,ssi-score,,total:51 brand:16 people:14 insights:14 rel:7,
Link,2026-05-05T20:20:56.466Z,link-discovered,recruiter-search,there,https://www.linkedin.com/in/bipin-kandpal-069145123/
Link,2026-05-05T20:20:56.458Z,link-discovered,recruiter-search,there,https://www.linkedin.com/in/deeksha-sirsatiya-872328188/
Link,2026-05-05T20:19:20.442Z,link-discovered,recruiter-search,there,https://www.linkedin.com/in/shivam-pandey-b967221a1/
Link,2026-05-05T20:19:19.444Z,link-discovered,recruiter-search,there,https://www.linkedin.com/in/shweta-tiwari-5b33ab1a/
Link,2026-05-05T20:19:09.445Z,link-discovered,recruiter-search,there,https://www.linkedin.com/in/monika-dahat-639a41228/
Link,2026-05-05T20:19:07.451Z,link-discovered,recruiter-search,there,https://www.linkedin.com/in/vijayata-k-a-152223231/
Link,2026-05-05T20:18:56.440Z,link-discovered,recruiter-search,there,https://www.linkedin.com/in/uday-singh-466742215/
Link,2026-05-05T20:16:56.456Z,link-discovered,recruiter-search,there,https://www.linkedin.com/in/revathi-yalagala-889ab0247/
Link,2026-05-05T20:14:56.448Z,link-discovered,recruiter-search,there,https://www.linkedin.com/in/mavuluri-prakyath-307911207/
Link,2026-05-05T20:12:56.450Z,link-discovered,recruiter-search,there,https://www.linkedin.com/in/mallesh-g-b76664242/
Link,2026-05-05T20:10:56.455Z,link-discovered,recruiter-search,there,https://www.linkedin.com/in/aarthi-sharma-2350b7231/
Link,2026-05-05T20:08:56.450Z,link-discovered,recruiter-search,there,https://www.linkedin.com/in/taylor-b-19122195/
Link,2026-05-05T20:06:56.447Z,link-discovered,recruiter-search,there,https://www.linkedin.com/in/rahul-pathak-3b2189223/
Link,2026-05-05T20:04:56.446Z,link-discovered,recruiter-search,there,https://www.linkedin.com/in/vishaka-mallanawar-729264246/
Link,2026-05-05T20:02:56.453Z,link-discovered,recruiter-search,there,https://www.linkedin.com/in/bala-r-a0022524b/
Link,2026-05-05T20:01:15.442Z,link-discovered,recruiter-search,there,https://www.linkedin.com/in/lakshmi-gp-skills/
Link,2026-05-05T20:01:07.440Z,link-discovered,recruiter-search,there,https://www.linkedin.com/in/bonnie-bb-bernard-4800a1173/
Link,2026-05-05T20:00:56.466Z,link-discovered,recruiter-search,there,https://www.linkedin.com/in/andrew-symonds-204735235/
Link,2026-05-05T19:59:16.437Z,link-discovered,recruiter-search,there,https://www.linkedin.com/in/brandon-heath-a66a9b55/
Link,2026-05-05T19:59:06.439Z,link-discovered,recruiter-search,there,https://www.linkedin.com/in/hima-bindu-yidi/
Link,2026-05-05T19:58:56.449Z,link-discovered,recruiter-search,there,https://www.linkedin.com/in/bala-r-a0022524b/
Link,2026-05-05T19:57:21.437Z,link-discovered,recruiter-search,there,https://www.linkedin.com/in/arsh-khan-5b3aa3216/
Link,2026-05-05T19:57:09.442Z,link-discovered,recruiter-search,there,https://www.linkedin.com/in/poojitha-v-42154a240/
Link,2026-05-05T19:56:56.454Z,link-discovered,recruiter-search,there,https://www.linkedin.com/in/billybisson612/
Link,2026-05-05T19:54:56.445Z,link-discovered,recruiter-search,there,https://www.linkedin.com/in/vineeth-spj-5001331a1/
Link,2026-05-05T19:52:56.462Z,link-discovered,recruiter-search,there,https://www.linkedin.com/in/shivam-pandey-b967221a1/
Link,2026-05-05T19:50:56.454Z,link-discovered,recruiter-search,there,https://www.linkedin.com/in/akula-vandana-ba3060196/
Link,2026-05-05T19:48:56.448Z,link-discovered,recruiter-search,there,https://www.linkedin.com/in/nalla-chandana-goud-695a89292/
Link,2026-05-05T19:46:56.440Z,link-discovered,recruiter-search,there,https://www.linkedin.com/in/manish-jha-b721a6222/
Link,2026-05-05T19:44:56.445Z,link-discovered,recruiter-search,there,https://www.linkedin.com/in/arsh-khan-5b3aa3216/
Link,2026-05-05T19:42:56.465Z,link-discovered,recruiter-search,there,https://www.linkedin.com/in/vidhi-viswakarma-1024811b5/
Link,2026-05-05T19:42:56.439Z,link-discovered,recruiter-search,there,https://www.linkedin.com/in/anusha-d-150bb028a/
Link,2026-05-05T19:40:56.455Z,link-discovered,recruiter-search,there,https://www.linkedin.com/in/vijayata-k-a-152223231/
Link,2026-05-05T19:39:20.442Z,link-discovered,recruiter-search,there,https://www.linkedin.com/in/pratyusha-v-985a23246/
Link,2026-05-05T19:39:15.437Z,link-discovered,recruiter-search,there,https://www.linkedin.com/in/christiana-nwokocha/
Link,2026-05-05T19:39:07.427Z,link-discovered,recruiter-search,there,https://www.linkedin.com/in/pavan-vasarla-3942a7253/
Link,2026-05-05T19:39:06.448Z,link-discovered,recruiter-search,there,https://www.linkedin.com/in/chaitra-harsha-54b62523b/
Link,2026-05-05T19:38:56.454Z,link-discovered,recruiter-search,there,https://www.linkedin.com/in/vishaka-mallanawar-729264246/
Link,2026-05-05T19:36:56.446Z,link-discovered,recruiter-search,there,https://www.linkedin.com/in/apparao-puli-592b5a252/
Link,2026-05-05T19:35:17.444Z,link-discovered,recruiter-search,there,https://www.linkedin.com/in/jason-love-618057174/
Link,2026-05-05T19:35:06.433Z,link-discovered,recruiter-search,there,https://www.linkedin.com/in/michaelreynolds5/
Link,2026-05-05T19:34:56.453Z,link-discovered,recruiter-search,there,https://www.linkedin.com/in/utkarsh-kr-1a085461/
Link,2026-05-05T19:32:56.442Z,link-discovered,recruiter-search,there,https://www.linkedin.com/in/jennifer-maria-pais-3aa02637/
Link,2026-05-05T19:30:56.453Z,link-discovered,recruiter-search,there,https://www.linkedin.com/in/tanusha-bejjam-1236371a0/
Link,2026-05-05T19:28:56.455Z,link-discovered,recruiter-search,there,https://www.linkedin.com/in/akshay-kumar-260522126/
Link,2026-05-05T19:26:56.453Z,link-discovered,recruiter-search,there,https://www.linkedin.com/in/hardik-akhani-641568265/
Link,2026-05-05T19:24:56.457Z,link-discovered,recruiter-search,there,https://www.linkedin.com/in/michellecobb/
Link,2026-05-05T19:23:18.444Z,link-discovered,recruiter-search,there,https://www.linkedin.com/in/kumari-bajpai-1806a720b/
Link,2026-05-05T19:23:03.442Z,link-discovered,recruiter-search,there,https://www.linkedin.com/in/arti-ds/
Link,2026-05-05T19:22:56.458Z,link-discovered,recruiter-search,there,https://www.linkedin.com/in/shruti-verma-866aa676/
Link,2026-05-05T19:22:56.450Z,link-discovered,recruiter-search,there,https://www.linkedin.com/in/taylor-b-19122195/
Link,2026-05-05T19:22:48.429Z,link-discovered,recruiter-search,there,https://www.linkedin.com/in/jondev/
Link,2026-05-05T19:22:36.432Z,link-discovered,recruiter-search,there,https://www.linkedin.com/in/jayshreevachhani/
SSI,2026-05-05T19:22:25.423Z,ssi-score,,total:51 brand:16 people:14 insights:14 rel:7,
Link,2026-05-05T19:21:22.437Z,link-discovered,recruiter-search,there,https://www.linkedin.com/in/lakshmi-gp-skills/
Link,2026-05-05T19:21:08.432Z,link-discovered,recruiter-search,there,https://www.linkedin.com/in/bonnie-bb-bernard-4800a1173/
Link,2026-05-05T19:20:56.446Z,link-discovered,recruiter-search,there,https://www.linkedin.com/in/bhaskar-sharma-280733235/
Link,2026-05-05T19:18:56.441Z,link-discovered,recruiter-search,there,https://www.linkedin.com/in/raypunzalan/
Link,2026-05-05T19:17:23.433Z,link-discovered,recruiter-search,there,https://www.linkedin.com/in/sushma-prasanna-647244233/
Link,2026-05-05T19:17:19.442Z,link-discovered,recruiter-search,there,https://www.linkedin.com/in/p-swathi-a70a52240/
Link,2026-05-05T19:17:09.433Z,link-discovered,recruiter-search,there,https://www.linkedin.com/in/gowthami-shekar-85a322268/
Link,2026-05-05T19:17:08.441Z,link-discovered,recruiter-search,there,https://www.linkedin.com/in/harleen-kaur-uppal-197276333/
Link,2026-05-05T19:16:56.448Z,link-discovered,recruiter-search,there,https://www.linkedin.com/in/billybisson612/
Link,2026-05-05T19:14:56.449Z,link-discovered,recruiter-search,there,https://www.linkedin.com/in/vineeth-spj-5001331a1/
Link,2026-05-05T19:12:56.447Z,link-discovered,recruiter-search,there,https://www.linkedin.com/in/charlene-xie/
Link,2026-05-05T19:10:56.454Z,link-discovered,recruiter-search,there,https://www.linkedin.com/in/lelles/
Link,2026-05-05T19:08:56.435Z,link-discovered,recruiter-search,there,https://www.linkedin.com/in/paras-gupta-322372169/
Link,2026-05-05T19:06:56.449Z,link-discovered,recruiter-search,there,https://www.linkedin.com/in/nalla-chandana-goud-695a89292/
Link,2026-05-05T19:04:56.459Z,link-discovered,recruiter-search,there,https://www.linkedin.com/in/manish-jha-b721a6222/
Link,2026-05-05T19:02:56.452Z,link-discovered,recruiter-search,there,https://www.linkedin.com/in/muhammad-saif-ullah-55046a13a/
Link,2026-05-05T19:00:56.455Z,link-discovered,recruiter-search,there,https://www.linkedin.com/in/vijayata-k-a-152223231/
Link,2026-05-05T18:59:15.440Z,link-discovered,recruiter-search,there,https://www.linkedin.com/in/pratyusha-v-985a23246/
Link,2026-05-05T18:59:06.444Z,link-discovered,recruiter-search,there,https://www.linkedin.com/in/pavan-vasarla-3942a7253/
Link,2026-05-05T18:58:56.441Z,link-discovered,recruiter-search,there,https://www.linkedin.com/in/komal-kumari-90a4611b4/
Link,2026-05-05T18:57:19.438Z,link-discovered,recruiter-search,there,https://www.linkedin.com/in/christiana-nwokocha/
Link,2026-05-05T18:57:06.433Z,link-discovered,recruiter-search,there,https://www.linkedin.com/in/chaitra-harsha-54b62523b/
Link,2026-05-05T18:56:56.450Z,link-discovered,recruiter-search,there,https://www.linkedin.com/in/apparao-puli-592b5a252/
Link,2026-05-05T18:55:18.443Z,link-discovered,recruiter-search,there,https://www.linkedin.com/in/jason-love-618057174/
Link,2026-05-05T18:55:07.434Z,link-discovered,recruiter-search,there,https://www.linkedin.com/in/michaelreynolds5/
Link,2026-05-05T18:54:56.447Z,link-discovered,recruiter-search,there,https://www.linkedin.com/in/mallesh-g-b76664242/
Link,2026-05-05T18:52:56.443Z,link-discovered,recruiter-search,there,https://www.linkedin.com/in/tanzeel-ahmed-52b784232/
Link,2026-05-05T18:50:56.442Z,link-discovered,recruiter-search,there,https://www.linkedin.com/in/revathi-yalagala-889ab0247/
Link,2026-05-05T18:48:56.453Z,link-discovered,recruiter-search,there,https://www.linkedin.com/in/monika-dahat-639a41228/
Link,2026-05-05T18:46:56.445Z,link-discovered,recruiter-search,there,https://www.linkedin.com/in/akshay-kumar-260522126/
Link,2026-05-05T18:44:56.450Z,link-discovered,recruiter-search,there,https://www.linkedin.com/in/yashveer-singh-bb6b88243/
Link,2026-05-05T18:42:56.439Z,link-discovered,recruiter-search,there,https://www.linkedin.com/in/taylor-b-19122195/
Link,2026-05-05T18:40:56.447Z,link-discovered,recruiter-search,there,https://www.linkedin.com/in/bhaskar-sharma-280733235/
Link,2026-05-05T18:38:56.459Z,link-discovered,recruiter-search,there,https://www.linkedin.com/in/joseph-adam-64032221a/
Link,2026-05-05T18:37:22.436Z,link-discovered,recruiter-search,there,https://www.linkedin.com/in/sushma-prasanna-647244233/
Link,2026-05-05T18:37:21.442Z,link-discovered,recruiter-search,there,https://www.linkedin.com/in/jondev/
Link,2026-05-05T18:37:18.445Z,link-discovered,recruiter-search,there,https://www.linkedin.com/in/p-swathi-a70a52240/
Link,2026-05-05T18:37:08.447Z,link-discovered,recruiter-search,there,https://www.linkedin.com/in/jayshreevachhani/
Link,2026-05-05T18:37:07.440Z,link-discovered,recruiter-search,there,https://www.linkedin.com/in/harleen-kaur-uppal-197276333/
Link,2026-05-05T18:36:56.457Z,link-discovered,recruiter-search,there,https://www.linkedin.com/in/bala-r-a0022524b/
Link,2026-05-05T18:34:56.447Z,link-discovered,recruiter-search,there,https://www.linkedin.com/in/savitha-pai-73b04026/
Link,2026-05-05T18:32:56.445Z,link-discovered,recruiter-search,there,https://www.linkedin.com/in/shivam-pandey-b967221a1/
Link,2026-05-05T18:30:56.448Z,link-discovered,recruiter-search,there,https://www.linkedin.com/in/hima-bindu-yidi/
Link,2026-05-05T18:28:56.445Z,link-discovered,recruiter-search,there,https://www.linkedin.com/in/paras-gupta-322372169/
Link,2026-05-05T18:26:56.461Z,link-discovered,recruiter-search,there,https://www.linkedin.com/in/kunalprajapati167/
Link,2026-05-05T18:24:56.445Z,link-discovered,recruiter-search,there,https://www.linkedin.com/in/nicoleemurphy/
Link,2026-05-05T18:23:23.437Z,link-discovered,recruiter-search,there,https://www.linkedin.com/in/abhishek-singh-948828194/
Link,2026-05-05T18:23:07.436Z,link-discovered,recruiter-search,there,https://www.linkedin.com/in/renuka-y-168ba0233/
Link,2026-05-05T18:22:56.441Z,link-discovered,recruiter-search,there,https://www.linkedin.com/in/muhammad-saif-ullah-55046a13a/
Link,2026-05-05T18:22:48.432Z,link-discovered,recruiter-search,there,https://www.linkedin.com/in/amreen-md-71b150247/
Link,2026-05-05T18:22:39.440Z,link-discovered,recruiter-search,there,https://www.linkedin.com/in/sapna-v-290ab0242/
SSI,2026-05-05T18:22:28.433Z,ssi-score,,total:51 brand:16 people:14 insights:14 rel:7,
Link,2026-05-05T18:20:56.462Z,link-discovered,recruiter-search,there,https://www.linkedin.com/in/cyril-francis-790b08229/
Link,2026-05-05T18:18:56.443Z,link-discovered,recruiter-search,there,https://www.linkedin.com/in/vijayata-k-a-152223231/
Link,2026-05-05T18:17:19.444Z,link-discovered,recruiter-search,there,https://www.linkedin.com/in/christiana-nwokocha/
Link,2026-05-05T18:17:18.440Z,link-discovered,recruiter-search,there,https://www.linkedin.com/in/pratyusha-v-985a23246/
Link,2026-05-05T18:17:07.436Z,link-discovered,recruiter-search,there,https://www.linkedin.com/in/pavan-vasarla-3942a7253/
Link,2026-05-05T18:17:06.428Z,link-discovered,recruiter-search,there,https://www.linkedin.com/in/chaitra-harsha-54b62523b/
Link,2026-05-05T18:16:56.449Z,link-discovered,recruiter-search,there,https://www.linkedin.com/in/apparao-puli-592b5a252/
Link,2026-05-05T18:15:17.440Z,link-discovered,recruiter-search,there,https://www.linkedin.com/in/jason-love-618057174/
Link,2026-05-05T18:15:08.432Z,link-discovered,recruiter-search,there,https://www.linkedin.com/in/michaelreynolds5/
Link,2026-05-05T18:14:56.473Z,link-discovered,recruiter-search,there,https://www.linkedin.com/in/poojitha-v-42154a240/
Link,2026-05-05T18:14:56.463Z,link-discovered,recruiter-search,there,https://www.linkedin.com/in/yunus-s-748a95163/
Link,2026-05-05T18:12:56.463Z,link-discovered,recruiter-search,there,https://www.linkedin.com/in/tanzeel-ahmed-52b784232/
Link,2026-05-05T18:10:56.465Z,link-discovered,recruiter-search,there,https://www.linkedin.com/in/revathi-yalagala-889ab0247/
Link,2026-05-05T18:08:56.470Z,link-discovered,recruiter-search,there,https://www.linkedin.com/in/monika-dahat-639a41228/
Link,2026-05-05T18:06:56.447Z,link-discovered,recruiter-search,there,https://www.linkedin.com/in/akshay-kumar-260522126/
Link,2026-05-05T18:04:56.451Z,link-discovered,recruiter-search,there,https://www.linkedin.com/in/vedika-sutar-935735147/
Link,2026-05-05T18:02:56.471Z,link-discovered,recruiter-search,there,https://www.linkedin.com/in/taylor-b-19122195/
Link,2026-05-05T18:00:56.449Z,link-discovered,recruiter-search,there,https://www.linkedin.com/in/kumari-bajpai-1806a720b/
Link,2026-05-05T17:58:56.456Z,link-discovered,recruiter-search,there,https://www.linkedin.com/in/arti-ds/
Link,2026-05-05T17:57:19.442Z,link-discovered,recruiter-search,there,https://www.linkedin.com/in/sushma-prasanna-647244233/
Link,2026-05-05T17:57:16.444Z,link-discovered,recruiter-search,there,https://www.linkedin.com/in/jondev/
Link,2026-05-05T17:57:07.450Z,link-discovered,recruiter-search,there,https://www.linkedin.com/in/jayshreevachhani/
Link,2026-05-05T17:56:56.462Z,link-discovered,recruiter-search,there,https://www.linkedin.com/in/raypunzalan/
Link,2026-05-05T17:55:19.445Z,link-discovered,recruiter-search,there,https://www.linkedin.com/in/p-swathi-a70a52240/
Link,2026-05-05T17:55:07.434Z,link-discovered,recruiter-search,there,https://www.linkedin.com/in/harleen-kaur-uppal-197276333/
Link,2026-05-05T17:54:56.446Z,link-discovered,recruiter-search,there,https://www.linkedin.com/in/andrew-symonds-204735235/
Link,2026-05-05T17:52:56.454Z,link-discovered,recruiter-search,there,https://www.linkedin.com/in/azahar-syed-a00107214/
Link,2026-05-05T17:50:56.446Z,link-discovered,recruiter-search,there,https://www.linkedin.com/in/shivam-pandey-b967221a1/
Link,2026-05-05T17:48:56.457Z,link-discovered,recruiter-search,there,https://www.linkedin.com/in/paras-gupta-322372169/
Link,2026-05-05T17:46:56.468Z,link-discovered,recruiter-search,there,https://www.linkedin.com/in/christaferrill/
Link,2026-05-05T17:44:56.451Z,link-discovered,recruiter-search,there,https://www.linkedin.com/in/shane-m-631a8218/
Link,2026-05-05T17:42:56.457Z,link-discovered,recruiter-search,there,https://www.linkedin.com/in/arsh-khan-5b3aa3216/
Link,2026-05-05T17:40:56.457Z,link-discovered,recruiter-search,there,https://www.linkedin.com/in/abhishek-singh-948828194/
Link,2026-05-05T17:39:20.447Z,link-discovered,recruiter-search,there,https://www.linkedin.com/in/renuka-y-168ba0233/
Link,2026-05-05T17:39:08.438Z,link-discovered,recruiter-search,there,https://www.linkedin.com/in/amreen-md-71b150247/
Link,2026-05-05T17:38:56.468Z,link-discovered,recruiter-search,there,https://www.linkedin.com/in/komal-kumari-90a4611b4/
Link,2026-05-05T17:37:19.450Z,link-discovered,recruiter-search,there,https://www.linkedin.com/in/christiana-nwokocha/
Link,2026-05-05T17:37:09.432Z,link-discovered,recruiter-search,there,https://www.linkedin.com/in/chaitra-harsha-54b62523b/
Link,2026-05-05T17:36:56.455Z,link-discovered,recruiter-search,there,https://www.linkedin.com/in/ajit-s-708a71231/
Link,2026-05-05T17:34:56.462Z,link-discovered,recruiter-search,there,https://www.linkedin.com/in/safa-kabiri/
Link,2026-05-05T17:33:16.450Z,link-discovered,recruiter-search,there,https://www.linkedin.com/in/jason-love-618057174/
Link,2026-05-05T17:33:06.431Z,link-discovered,recruiter-search,there,https://www.linkedin.com/in/michaelreynolds5/
Link,2026-05-05T17:32:56.464Z,link-discovered,recruiter-search,there,https://www.linkedin.com/in/sapna-75a1021b4/
Link,2026-05-05T17:30:56.466Z,link-discovered,recruiter-search,there,https://www.linkedin.com/in/jayant-c-79b37511b/
Link,2026-05-05T17:28:56.465Z,link-discovered,recruiter-search,there,https://www.linkedin.com/in/bipin-kandpal-069145123/
Link,2026-05-05T17:26:56.477Z,link-discovered,recruiter-search,there,https://www.linkedin.com/in/monika-dahat-639a41228/
Link,2026-05-05T17:24:56.462Z,link-discovered,recruiter-search,there,https://www.linkedin.com/in/yashveer-singh-bb6b88243/
Link,2026-05-05T17:23:19.438Z,link-discovered,recruiter-search,there,https://www.linkedin.com/in/sidnassir/
Link,2026-05-05T17:23:03.444Z,link-discovered,recruiter-search,there,https://www.linkedin.com/in/vladimir-demin-28a04b88/
Link,2026-05-05T17:22:56.454Z,link-discovered,recruiter-search,there,https://www.linkedin.com/in/vedika-sutar-935735147/
Link,2026-05-05T17:22:49.448Z,link-discovered,recruiter-search,there,https://www.linkedin.com/in/amrita-rathour-36468a21a/
Link,2026-05-05T17:22:39.432Z,link-discovered,recruiter-search,there,https://www.linkedin.com/in/velumuri-kirti-a45ab5202/
SSI,2026-05-05T17:22:26.424Z,ssi-score,,total:51 brand:16 people:14 insights:14 rel:7,
Link,2026-05-05T17:20:56.453Z,link-discovered,recruiter-search,there,https://www.linkedin.com/in/bhaskar-sharma-280733235/
Link,2026-05-05T17:18:56.463Z,link-discovered,recruiter-search,there,https://www.linkedin.com/in/aarthi-sharma-2350b7231/
Link,2026-05-05T17:17:17.441Z,link-discovered,recruiter-search,there,https://www.linkedin.com/in/p-swathi-a70a52240/
Link,2026-05-05T17:17:16.441Z,link-discovered,recruiter-search,there,https://www.linkedin.com/in/jayshreevachhani/
Link,2026-05-05T17:17:07.444Z,link-discovered,recruiter-search,there,https://www.linkedin.com/in/harleen-kaur-uppal-197276333/
Link,2026-05-05T17:17:06.435Z,link-discovered,recruiter-search,there,https://www.linkedin.com/in/nagajyoti-j-165010160/
Link,2026-05-05T17:16:56.468Z,link-discovered,recruiter-search,there,https://www.linkedin.com/in/joseph-adam-64032221a/
Link,2026-05-05T17:15:16.444Z,link-discovered,recruiter-search,there,https://www.linkedin.com/in/sushma-prasanna-647244233/
Link,2026-05-05T17:15:06.441Z,link-discovered,recruiter-search,there,https://www.linkedin.com/in/gowthami-shekar-85a322268/
Link,2026-05-05T17:14:56.456Z,link-discovered,recruiter-search,there,https://www.linkedin.com/in/savitha-pai-73b04026/
Link,2026-05-05T17:12:56.457Z,link-discovered,recruiter-search,there,https://www.linkedin.com/in/andrew-symonds-204735235/
Link,2026-05-05T17:10:56.453Z,link-discovered,recruiter-search,there,https://www.linkedin.com/in/l-mohan-60a055175/
Link,2026-05-05T17:08:56.469Z,link-discovered,recruiter-search,there,https://www.linkedin.com/in/richard-lewis-785292309/
Link,2026-05-05T17:06:56.478Z,link-discovered,recruiter-search,there,https://www.linkedin.com/in/hima-bindu-yidi/
Link,2026-05-05T17:04:56.466Z,link-discovered,recruiter-search,there,https://www.linkedin.com/in/arsh-khan-5b3aa3216/
Link,2026-05-05T17:02:56.473Z,link-discovered,recruiter-search,there,https://www.linkedin.com/in/nalla-chandana-goud-695a89292/
Link,2026-05-05T17:00:56.514Z,link-discovered,recruiter-search,there,https://www.linkedin.com/in/abhishek-singh-948828194/
Link,2026-05-05T17:00:56.491Z,link-discovered,recruiter-search,there,https://www.linkedin.com/in/manish-jha-b721a6222/
Link,2026-05-05T16:59:16.449Z,link-discovered,recruiter-search,there,https://www.linkedin.com/in/renuka-y-168ba0233/
Link,2026-05-05T16:59:07.445Z,link-discovered,recruiter-search,there,https://www.linkedin.com/in/sapna-v-290ab0242/
Link,2026-05-05T16:58:56.456Z,link-discovered,recruiter-search,there,https://www.linkedin.com/in/muhammad-saif-ullah-55046a13a/
Link,2026-05-05T16:56:56.459Z,link-discovered,recruiter-search,there,https://www.linkedin.com/in/apparao-puli-592b5a252/
Link,2026-05-05T16:55:22.446Z,link-discovered,recruiter-search,there,https://www.linkedin.com/in/jason-love-618057174/
Link,2026-05-05T16:55:17.450Z,link-discovered,recruiter-search,there,https://www.linkedin.com/in/komal-kumari-90a4611b4/
Link,2026-05-05T16:55:08.455Z,link-discovered,recruiter-search,there,https://www.linkedin.com/in/christiana-nwokocha/
Link,2026-05-05T16:55:07.447Z,link-discovered,recruiter-search,there,https://www.linkedin.com/in/michaelreynolds5/
Link,2026-05-05T16:54:56.452Z,link-discovered,recruiter-search,there,https://www.linkedin.com/in/sapna-75a1021b4/
Link,2026-05-05T16:52:56.490Z,link-discovered,recruiter-search,there,https://www.linkedin.com/in/chaitra-harsha-54b62523b/
Link,2026-05-05T16:50:56.469Z,link-discovered,recruiter-search,there,https://www.linkedin.com/in/savitha-pai-73b04026/
Link,2026-05-05T16:48:56.462Z,link-discovered,recruiter-search,there,https://www.linkedin.com/in/shivam-pandey-b967221a1/
Link,2026-05-05T16:46:56.465Z,link-discovered,recruiter-search,there,https://www.linkedin.com/in/tanusha-bejjam-1236371a0/
Link,2026-05-05T16:44:56.464Z,link-discovered,recruiter-search,there,https://www.linkedin.com/in/christaferrill/
Link,2026-05-05T16:42:56.470Z,link-discovered,recruiter-search,there,https://www.linkedin.com/in/kunalprajapati167/
Link,2026-05-05T16:40:56.468Z,link-discovered,recruiter-search,there,https://www.linkedin.com/in/amrita-rathour-36468a21a/
Link,2026-05-05T16:39:20.445Z,link-discovered,recruiter-search,there,https://www.linkedin.com/in/atul-kumar-baaa46242/
Link,2026-05-05T16:39:07.444Z,link-discovered,recruiter-search,there,https://www.linkedin.com/in/velumuri-kirti-a45ab5202/
Link,2026-05-05T16:38:56.475Z,link-discovered,recruiter-search,there,https://www.linkedin.com/in/anusha-d-150bb028a/
Link,2026-05-05T16:37:18.448Z,link-discovered,recruiter-search,there,https://www.linkedin.com/in/sushma-prasanna-647244233/
Link,2026-05-05T16:37:08.443Z,link-discovered,recruiter-search,there,https://www.linkedin.com/in/gowthami-shekar-85a322268/
Link,2026-05-05T16:36:56.481Z,link-discovered,recruiter-search,there,https://www.linkedin.com/in/kanika-joshi-5a82b9216/
Link,2026-05-05T16:36:56.467Z,link-discovered,recruiter-search,there,https://www.linkedin.com/in/amreen-md-71b150247/
Link,2026-05-05T16:35:19.449Z,link-discovered,recruiter-search,there,https://www.linkedin.com/in/jondev/
Link,2026-05-05T16:35:05.440Z,link-discovered,recruiter-search,there,https://www.linkedin.com/in/jayshreevachhani/
Link,2026-05-05T16:34:56.457Z,link-discovered,recruiter-search,there,https://www.linkedin.com/in/ajit-s-708a71231/
Link,2026-05-05T16:32:56.477Z,link-discovered,recruiter-search,there,https://www.linkedin.com/in/nagajyoti-j-165010160/
Link,2026-05-05T16:31:18.448Z,link-discovered,recruiter-search,there,https://www.linkedin.com/in/jason-love-618057174/
Link,2026-05-05T16:31:07.438Z,link-discovered,recruiter-search,there,https://www.linkedin.com/in/michaelreynolds5/
Link,2026-05-05T16:30:56.468Z,link-discovered,recruiter-search,there,https://www.linkedin.com/in/azahar-syed-a00107214/
Link,2026-05-05T16:28:56.504Z,link-discovered,recruiter-search,there,https://www.linkedin.com/in/hima-bindu-yidi/
Link,2026-05-05T16:28:56.491Z,link-discovered,recruiter-search,there,https://www.linkedin.com/in/l-mohan-60a055175/
Link,2026-05-05T16:26:56.496Z,link-discovered,recruiter-search,there,https://www.linkedin.com/in/paras-gupta-322372169/
Link,2026-05-05T16:24:56.457Z,link-discovered,recruiter-search,there,https://www.linkedin.com/in/nalla-chandana-goud-695a89292/
Link,2026-05-05T16:23:28.452Z,link-discovered,recruiter-search,there,https://www.linkedin.com/in/shraddha-chaudhari-35270325/
Link,2026-05-05T16:23:12.459Z,link-discovered,recruiter-search,there,https://www.linkedin.com/in/sk-tazeem-farogh-ahmed-38690555/
Link,2026-05-05T16:22:56.467Z,link-discovered,recruiter-search,there,https://www.linkedin.com/in/manish-jha-b721a6222/
Link,2026-05-05T16:22:55.451Z,link-discovered,recruiter-search,there,https://www.linkedin.com/in/jondev/
Link,2026-05-05T16:22:43.429Z,link-discovered,recruiter-search,there,https://www.linkedin.com/in/vikk-b-9b1778224/
SSI,2026-05-05T16:22:28.431Z,ssi-score,,total:51 brand:16 people:14 insights:14 rel:7,
Link,2026-05-05T16:20:56.456Z,link-discovered,recruiter-search,there,https://www.linkedin.com/in/muhammad-saif-ullah-55046a13a/
Link,2026-05-05T16:18:56.465Z,link-discovered,recruiter-search,there,https://www.linkedin.com/in/taylor-b-19122195/
Link,2026-05-05T16:17:21.443Z,link-discovered,recruiter-search,there,https://www.linkedin.com/in/komal-kumari-90a4611b4/
Link,2026-05-05T16:17:19.439Z,link-discovered,recruiter-search,there,https://www.linkedin.com/in/renuka-y-168ba0233/
Link,2026-05-05T16:17:09.442Z,link-discovered,recruiter-search,there,https://www.linkedin.com/in/sapna-v-290ab0242/
Link,2026-05-05T16:17:08.440Z,link-discovered,recruiter-search,there,https://www.linkedin.com/in/christiana-nwokocha/
Link,2026-05-05T16:16:56.463Z,link-discovered,recruiter-search,there,https://www.linkedin.com/in/aarthi-sharma-2350b7231/
Link,2026-05-05T16:14:56.456Z,link-discovered,recruiter-search,there,https://www.linkedin.com/in/joseph-adam-64032221a/
Link,2026-05-05T16:13:20.448Z,link-discovered,recruiter-search,there,https://www.linkedin.com/in/sushma-prasanna-647244233/
Link,2026-05-05T16:13:08.443Z,link-discovered,recruiter-search,there,https://www.linkedin.com/in/gowthami-shekar-85a322268/
Link,2026-05-05T16:12:56.449Z,link-discovered,recruiter-search,there,https://www.linkedin.com/in/utkarsh-kr-1a085461/
Link,2026-05-05T16:10:56.460Z,link-discovered,recruiter-search,there,https://www.linkedin.com/in/sapna-75a1021b4/
Link,2026-05-05T16:08:56.466Z,link-discovered,recruiter-search,there,https://www.linkedin.com/in/tanusha-bejjam-1236371a0/
Link,2026-05-05T16:06:56.469Z,link-discovered,recruiter-search,there,https://www.linkedin.com/in/paras-gupta-322372169/
Link,2026-05-05T16:04:56.457Z,link-discovered,recruiter-search,there,https://www.linkedin.com/in/yashveer-singh-bb6b88243/
Link,2026-05-05T16:02:56.479Z,link-discovered,recruiter-search,there,https://www.linkedin.com/in/sidnassir/
Link,2026-05-05T16:00:56.462Z,link-discovered,recruiter-search,there,https://www.linkedin.com/in/nalla-chandana-goud-695a89292/
Link,2026-05-05T15:58:56.461Z,link-discovered,recruiter-search,there,https://www.linkedin.com/in/amreen-md-71b150247/
Link,2026-05-05T15:57:20.452Z,link-discovered,recruiter-search,there,https://www.linkedin.com/in/jondev/
Link,2026-05-05T15:57:19.454Z,link-discovered,recruiter-search,there,https://www.linkedin.com/in/atul-kumar-baaa46242/
Link,2026-05-05T15:57:09.441Z,link-discovered,recruiter-search,there,https://www.linkedin.com/in/velumuri-kirti-a45ab5202/
Link,2026-05-05T15:57:06.439Z,link-discovered,recruiter-search,there,https://www.linkedin.com/in/jayshreevachhani/
Link,2026-05-05T15:56:56.466Z,link-discovered,recruiter-search,there,https://www.linkedin.com/in/muhammad-saif-ullah-55046a13a/
Link,2026-05-05T15:54:56.459Z,link-discovered,recruiter-search,there,https://www.linkedin.com/in/kanika-joshi-5a82b9216/
Link,2026-05-05T15:53:20.450Z,link-discovered,recruiter-search,there,https://www.linkedin.com/in/komal-kumari-90a4611b4/
Link,2026-05-05T15:53:08.440Z,link-discovered,recruiter-search,there,https://www.linkedin.com/in/christiana-nwokocha/
Link,2026-05-05T15:52:56.467Z,link-discovered,recruiter-search,there,https://www.linkedin.com/in/ganga-bhavani-197a0a205/
Link,2026-05-05T15:50:56.461Z,link-discovered,recruiter-search,there,https://www.linkedin.com/in/rahul-pathak-3b2189223/
Link,2026-05-05T15:48:56.466Z,link-discovered,recruiter-search,there,https://www.linkedin.com/in/pankaj-rajput-5489631a3/
Link,2026-05-05T15:46:56.451Z,link-discovered,recruiter-search,there,https://www.linkedin.com/in/utkarsh-kr-1a085461/
Link,2026-05-05T15:44:56.459Z,link-discovered,recruiter-search,there,https://www.linkedin.com/in/richard-lewis-785292309/
Link,2026-05-05T15:42:56.461Z,link-discovered,recruiter-search,there,https://www.linkedin.com/in/shane-m-631a8218/
Link,2026-05-05T15:40:56.473Z,link-discovered,recruiter-search,there,https://www.linkedin.com/in/abhishek-singh-948828194/
Link,2026-05-05T15:39:21.451Z,link-discovered,recruiter-search,there,https://www.linkedin.com/in/renuka-y-168ba0233/
Link,2026-05-05T15:39:20.456Z,link-discovered,recruiter-search,there,https://www.linkedin.com/in/sk-tazeem-farogh-ahmed-38690555/
Link,2026-05-05T15:39:08.447Z,link-discovered,recruiter-search,there,https://www.linkedin.com/in/jillian-goss-3706446/
Link,2026-05-05T15:38:56.452Z,link-discovered,recruiter-search,there,https://www.linkedin.com/in/yashveer-singh-bb6b88243/
Link,2026-05-05T15:36:56.470Z,link-discovered,recruiter-search,there,https://www.linkedin.com/in/sapna-v-290ab0242/
Link,2026-05-05T15:34:56.483Z,link-discovered,recruiter-search,there,https://www.linkedin.com/in/kumari-bajpai-1806a720b/
Link,2026-05-05T15:32:56.472Z,link-discovered,recruiter-search,there,https://www.linkedin.com/in/resu-raj-958227195/
Link,2026-05-05T15:31:20.454Z,link-discovered,recruiter-search,there,https://www.linkedin.com/in/jondev/
Link,2026-05-05T15:31:06.443Z,link-discovered,recruiter-search,there,https://www.linkedin.com/in/jayshreevachhani/
Link,2026-05-05T15:30:56.470Z,link-discovered,recruiter-search,there,https://www.linkedin.com/in/jaison-k-195243106/
Link,2026-05-05T15:28:56.462Z,link-discovered,recruiter-search,there,https://www.linkedin.com/in/kpandey001/
Link,2026-05-05T15:26:56.468Z,link-discovered,recruiter-search,there,https://www.linkedin.com/in/shaik-parveen-b62bb8b5/
Link,2026-05-05T15:24:56.471Z,link-discovered,recruiter-search,there,https://www.linkedin.com/in/jayshreevachhani/
Link,2026-05-05T15:23:24.447Z,link-discovered,recruiter-search,there,https://www.linkedin.com/in/sravanthi-jutla-15838720a/
Link,2026-05-05T15:23:08.441Z,link-discovered,recruiter-search,there,https://www.linkedin.com/in/hymavathi-podishetty-8340a330b/
Link,2026-05-05T15:22:56.454Z,link-discovered,recruiter-search,there,https://www.linkedin.com/in/vladimir-demin-28a04b88/
Link,2026-05-05T15:22:53.458Z,link-discovered,recruiter-search,there,https://www.linkedin.com/in/sherazchaudhry98/
Link,2026-05-05T15:22:40.443Z,link-discovered,recruiter-search,there,https://www.linkedin.com/in/steve-h-080858292/
SSI,2026-05-05T15:22:28.435Z,ssi-score,,total:51 brand:16 people:14 insights:14 rel:7,
Link,2026-05-05T15:20:56.465Z,link-discovered,recruiter-search,there,https://www.linkedin.com/in/azahar-syed-a00107214/
Link,2026-05-05T15:19:20.448Z,link-discovered,recruiter-search,there,https://www.linkedin.com/in/atul-kumar-baaa46242/
Link,2026-05-05T15:19:08.453Z,link-discovered,recruiter-search,there,https://www.linkedin.com/in/velumuri-kirti-a45ab5202/
Link,2026-05-05T15:18:56.465Z,link-discovered,recruiter-search,there,https://www.linkedin.com/in/l-mohan-60a055175/
Link,2026-05-05T15:16:56.472Z,link-discovered,recruiter-search,there,https://www.linkedin.com/in/kanika-joshi-5a82b9216/
Link,2026-05-05T15:14:56.514Z,link-discovered,recruiter-search,there,https://www.linkedin.com/in/ganga-bhavani-197a0a205/
Link,2026-05-05T15:14:56.497Z,link-discovered,recruiter-search,there,https://www.linkedin.com/in/nicoleemurphy/
Link,2026-05-05T15:12:56.475Z,link-discovered,recruiter-search,there,https://www.linkedin.com/in/richard-lewis-785292309/
Link,2026-05-05T15:11:19.434Z,link-discovered,recruiter-search,there,https://www.linkedin.com/in/shane-m-631a8218/
Link,2026-05-05T15:11:07.444Z,link-discovered,recruiter-search,there,https://www.linkedin.com/in/abhishek-singh-948828194/
Link,2026-05-05T15:10:56.441Z,link-discovered,recruiter-search,there,https://www.linkedin.com/in/anubhav-bsn/
Link,2026-05-05T15:08:56.452Z,link-discovered,recruiter-search,there,https://www.linkedin.com/in/bethmurray/
Link,2026-05-05T15:06:56.449Z,link-discovered,recruiter-search,there,https://www.linkedin.com/in/abhishek-singh-948828194/
Link,2026-05-05T15:06:56.432Z,link-discovered,recruiter-search,there,https://www.linkedin.com/in/ananda-p-6377b09b/
Link,2026-05-05T15:04:56.456Z,link-discovered,recruiter-search,there,https://www.linkedin.com/in/santhosh-chittumalla-b40201b7/
Link,2026-05-05T15:02:56.453Z,link-discovered,recruiter-search,there,https://www.linkedin.com/in/jillian-goss-3706446/
Link,2026-05-05T15:01:19.441Z,link-discovered,recruiter-search,there,https://www.linkedin.com/in/sk-tazeem-farogh-ahmed-38690555/
Link,2026-05-05T15:01:07.433Z,link-discovered,recruiter-search,there,https://www.linkedin.com/in/alekhya-gunasani-a23498230/
Link,2026-05-05T15:00:56.452Z,link-discovered,recruiter-search,there,https://www.linkedin.com/in/sapna-v-290ab0242/
Link,2026-05-05T14:58:56.445Z,link-discovered,recruiter-search,there,https://www.linkedin.com/in/markandeya-sambu-bb1a95237/
Link,2026-05-05T14:56:56.448Z,link-discovered,recruiter-search,there,https://www.linkedin.com/in/erintodus/
Link,2026-05-05T14:56:56.433Z,link-discovered,recruiter-search,there,https://www.linkedin.com/in/sapna-75a1021b4/
Link,2026-05-05T14:54:56.442Z,link-discovered,recruiter-search,there,https://www.linkedin.com/in/jaison-k-195243106/
Link,2026-05-05T14:52:56.444Z,link-discovered,recruiter-search,there,https://www.linkedin.com/in/vinay-tanneru-2949321b3/
Link,2026-05-05T14:52:56.438Z,link-discovered,recruiter-search,there,https://www.linkedin.com/in/kpandey001/
Link,2026-05-05T14:51:15.446Z,link-discovered,recruiter-search,there,https://www.linkedin.com/in/shaik-parveen-b62bb8b5/
Link,2026-05-05T14:51:06.427Z,link-discovered,recruiter-search,there,https://www.linkedin.com/in/sidnassir/
Link,2026-05-05T14:50:56.449Z,link-discovered,recruiter-search,there,https://www.linkedin.com/in/koneni-bhavya-b459a178/
Link,2026-05-05T14:48:56.442Z,link-discovered,recruiter-search,there,https://www.linkedin.com/in/riya-biju-1aa627219/
Link,2026-05-05T14:46:56.440Z,link-discovered,recruiter-search,there,https://www.linkedin.com/in/ganga-bhavani-197a0a205/
Link,2026-05-05T14:44:56.449Z,link-discovered,recruiter-search,there,https://www.linkedin.com/in/sarika96/
Link,2026-05-05T14:42:56.450Z,link-discovered,recruiter-search,there,https://www.linkedin.com/in/anubhav-bsn/
Link,2026-05-05T14:41:22.439Z,link-discovered,recruiter-search,there,https://www.linkedin.com/in/steve-h-080858292/
Link,2026-05-05T14:41:07.441Z,link-discovered,recruiter-search,there,https://www.linkedin.com/in/srikanth-ravall1a8478518b/
Link,2026-05-05T14:40:56.438Z,link-discovered,recruiter-search,there,https://www.linkedin.com/in/bethmurray/
Link,2026-05-05T14:38:56.436Z,link-discovered,recruiter-search,there,https://www.linkedin.com/in/ananda-p-6377b09b/
Link,2026-05-05T14:36:56.452Z,link-discovered,recruiter-search,there,https://www.linkedin.com/in/srikanth-ravall1a8478518b/
Link,2026-05-05T14:34:56.447Z,link-discovered,recruiter-search,there,https://www.linkedin.com/in/shraddha-chaudhari-35270325/
Link,2026-05-05T14:33:15.446Z,link-discovered,recruiter-search,there,https://www.linkedin.com/in/sk-tazeem-farogh-ahmed-38690555/
Link,2026-05-05T14:33:05.429Z,link-discovered,recruiter-search,there,https://www.linkedin.com/in/alekhya-gunasani-a23498230/
Link,2026-05-05T14:32:56.442Z,link-discovered,recruiter-search,there,https://www.linkedin.com/in/navin-naidu-186a50135/
Link,2026-05-05T14:30:56.454Z,link-discovered,recruiter-search,there,https://www.linkedin.com/in/jondev/
Link,2026-05-05T14:28:56.447Z,link-discovered,recruiter-search,there,https://www.linkedin.com/in/vikk-b-9b1778224/
Link,2026-05-05T14:26:56.443Z,link-discovered,recruiter-search,there,https://www.linkedin.com/in/resu-raj-958227195/
Link,2026-05-05T14:24:56.458Z,link-discovered,recruiter-search,there,https://www.linkedin.com/in/rodrigopoulis/
Link,2026-05-05T14:24:56.450Z,link-discovered,recruiter-search,there,https://www.linkedin.com/in/markandeya-sambu-bb1a95237/
Link,2026-05-05T14:23:25.441Z,link-discovered,recruiter-search,there,https://www.linkedin.com/in/aarab-shah-a217b0247/
Link,2026-05-05T14:23:06.438Z,link-discovered,recruiter-search,there,https://www.linkedin.com/in/adriano-marqueze/
Link,2026-05-05T14:22:56.449Z,link-discovered,recruiter-search,there,https://www.linkedin.com/in/kpandey001/
Link,2026-05-05T14:22:50.434Z,link-discovered,recruiter-search,there,https://www.linkedin.com/in/nattar-marees-a440a6201/
Link,2026-05-05T14:22:40.437Z,link-discovered,recruiter-search,there,https://www.linkedin.com/in/kevin-miranda-7bb177220/
SSI,2026-05-05T14:22:27.432Z,ssi-score,,total:51 brand:16 people:14 insights:14 rel:7,
Link,2026-05-05T14:20:56.444Z,link-discovered,recruiter-search,there,https://www.linkedin.com/in/koneni-bhavya-b459a178/
Link,2026-05-05T14:18:56.445Z,link-discovered,recruiter-search,there,https://www.linkedin.com/in/riya-biju-1aa627219/
Link,2026-05-05T14:16:56.440Z,link-discovered,recruiter-search,there,https://www.linkedin.com/in/sravanthi-jutla-15838720a/
Link,2026-05-05T14:14:56.439Z,link-discovered,recruiter-search,there,https://www.linkedin.com/in/hymavathi-podishetty-8340a330b/
Link,2026-05-05T14:13:17.446Z,link-discovered,recruiter-search,there,https://www.linkedin.com/in/sherazchaudhry98/
Link,2026-05-05T14:13:07.429Z,link-discovered,recruiter-search,there,https://www.linkedin.com/in/steve-h-080858292/
Link,2026-05-05T14:10:56.440Z,link-discovered,recruiter-search,there,https://www.linkedin.com/in/tushar-sharma-59326a205/
Link,2026-05-05T14:08:56.439Z,link-discovered,recruiter-search,there,https://www.linkedin.com/in/srikanth-ravall1a8478518b/
Link,2026-05-05T14:06:56.437Z,link-discovered,recruiter-search,there,https://www.linkedin.com/in/recruitervidhishah/
Link,2026-05-05T14:04:56.446Z,link-discovered,recruiter-search,there,https://www.linkedin.com/in/navin-naidu-186a50135/
Link,2026-05-05T14:02:56.452Z,link-discovered,recruiter-search,there,https://www.linkedin.com/in/rahul-s-639167232/
Link,2026-05-05T14:00:56.446Z,link-discovered,recruiter-search,there,https://www.linkedin.com/in/sam-mayne-99a558134/
Link,2026-05-05T13:58:56.449Z,link-discovered,recruiter-search,there,https://www.linkedin.com/in/anusha-t-a793b569/
Link,2026-05-05T13:56:56.447Z,link-discovered,recruiter-search,there,https://www.linkedin.com/in/rodrigopoulis/
Link,2026-05-05T13:54:56.443Z,link-discovered,recruiter-search,there,https://www.linkedin.com/in/aarab-shah-a217b0247/
Link,2026-05-05T13:52:56.446Z,link-discovered,recruiter-search,there,https://www.linkedin.com/in/adriano-marqueze/
Link,2026-05-05T13:51:18.432Z,link-discovered,recruiter-search,there,https://www.linkedin.com/in/nattar-marees-a440a6201/
Link,2026-05-05T13:51:07.426Z,link-discovered,recruiter-search,there,https://www.linkedin.com/in/kevin-miranda-7bb177220/
Link,2026-05-05T13:48:56.447Z,link-discovered,recruiter-search,there,https://www.linkedin.com/in/kalyan-orchu-77079822a/
Link,2026-05-05T13:46:56.435Z,link-discovered,recruiter-search,there,https://www.linkedin.com/in/jhoomchoudhary/
Link,2026-05-05T13:44:56.435Z,link-discovered,recruiter-search,there,https://www.linkedin.com/in/rodrigopoulis/
Link,2026-05-05T13:42:56.440Z,link-discovered,recruiter-search,there,https://www.linkedin.com/in/daianesantosti/
Link,2026-05-05T13:40:56.444Z,link-discovered,recruiter-search,there,https://www.linkedin.com/in/veronikapeycheva/
Link,2026-05-05T13:38:56.440Z,link-discovered,recruiter-search,there,https://www.linkedin.com/in/irinaalekseenko/
Link,2026-05-05T13:36:56.449Z,link-discovered,recruiter-search,there,https://www.linkedin.com/in/milaorrico/
Link,2026-05-05T13:34:56.445Z,link-discovered,recruiter-search,there,https://www.linkedin.com/in/troy-sutter-7b114915/
Link,2026-05-05T13:32:56.437Z,link-discovered,recruiter-search,there,https://www.linkedin.com/in/syeda-moonmee-islam/
Link,2026-05-05T13:30:56.434Z,link-discovered,recruiter-search,there,https://www.linkedin.com/in/anushree-kushwah/
Link,2026-05-05T13:28:56.441Z,link-discovered,recruiter-search,there,https://www.linkedin.com/in/mauricio-behrens/
Link,2026-05-05T13:26:56.444Z,link-discovered,recruiter-search,there,https://www.linkedin.com/in/akhilreddy1/
Link,2026-05-05T13:24:56.437Z,link-discovered,recruiter-search,there,https://www.linkedin.com/in/jessicalobrigatti/
Link,2026-05-05T13:23:26.436Z,link-discovered,recruiter-search,there,https://www.linkedin.com/in/nelsonsthoughts/
Link,2026-05-05T13:23:10.439Z,link-discovered,recruiter-search,there,https://www.linkedin.com/in/graju/
Link,2026-05-05T13:22:51.446Z,link-discovered,recruiter-search,there,https://www.linkedin.com/in/jeovano-lima-1581a829/
Link,2026-05-05T13:22:38.439Z,link-discovered,recruiter-search,there,https://www.linkedin.com/in/ronak-khoji-0a94511a2/
SSI,2026-05-05T13:22:26.427Z,ssi-score,,total:51 brand:16 people:14 insights:14 rel:7,
Link,2026-05-05T12:48:47.429Z,link-discovered,recruiter-search,there,https://www.linkedin.com/in/joseph-adam-64032221a/
Link,2026-05-05T12:48:30.442Z,link-discovered,recruiter-search,there,https://www.linkedin.com/in/gowthami-shekar-85a322268/
Link,2026-05-05T12:48:14.434Z,link-discovered,recruiter-search,there,https://www.linkedin.com/in/jdepaul/
Link,2026-05-05T12:48:00.445Z,link-discovered,recruiter-search,there,https://www.linkedin.com/in/yunus-s-748a95163/
Link,2026-05-05T12:47:43.429Z,link-discovered,recruiter-search,there,https://www.linkedin.com/in/andrew-symonds-204735235/
Link,2026-05-05T12:47:27.430Z,link-discovered,recruiter-search,there,https://www.linkedin.com/in/paras-gupta-322372169/
Link,2026-05-05T12:47:10.431Z,link-discovered,recruiter-search,there,https://www.linkedin.com/in/charlene-xie/
Link,2026-05-05T12:46:55.432Z,link-discovered,recruiter-search,there,https://www.linkedin.com/in/hima-bindu-yidi/
Link,2026-05-05T12:46:39.442Z,link-discovered,recruiter-search,there,https://www.linkedin.com/in/nalla-chandana-goud-695a89292/
Link,2026-05-05T12:46:23.436Z,link-discovered,recruiter-search,there,https://www.linkedin.com/in/yaswanthi-c-0585b9145/
Link,2026-05-05T12:46:11.429Z,link-discovered,recruiter-search,there,https://www.linkedin.com/in/manish-jha-b721a6222/
Link,2026-05-05T12:45:43.443Z,link-discovered,recruiter-search,there,https://www.linkedin.com/in/andrew-symonds-204735235/
Link,2026-05-05T12:45:26.430Z,link-discovered,recruiter-search,there,https://www.linkedin.com/in/paras-gupta-322372169/
Link,2026-05-05T12:45:09.443Z,link-discovered,recruiter-search,there,https://www.linkedin.com/in/charlene-xie/
Link,2026-05-05T12:44:53.440Z,link-discovered,recruiter-search,there,https://www.linkedin.com/in/hima-bindu-yidi/
Link,2026-05-05T12:44:33.428Z,link-discovered,recruiter-search,there,https://www.linkedin.com/in/nalla-chandana-goud-695a89292/
Link,2026-05-05T12:44:16.443Z,link-discovered,recruiter-search,there,https://www.linkedin.com/in/manish-jha-b721a6222/
Link,2026-05-05T12:43:58.429Z,link-discovered,recruiter-search,there,https://www.linkedin.com/in/muhammad-saif-ullah-55046a13a/
Link,2026-05-05T12:43:40.436Z,link-discovered,recruiter-search,there,https://www.linkedin.com/in/komal-kumari-90a4611b4/
Link,2026-05-05T12:43:25.443Z,link-discovered,recruiter-search,there,https://www.linkedin.com/in/vidhi-viswakarma-1024811b5/
Link,2026-05-05T12:43:09.448Z,link-discovered,recruiter-search,there,https://www.linkedin.com/in/christiana-nwokocha/
Link,2026-05-05T12:42:57.424Z,link-discovered,recruiter-search,there,https://www.linkedin.com/in/chaitra-harsha-54b62523b/
Link,2026-05-05T12:42:30.444Z,link-discovered,recruiter-search,there,https://www.linkedin.com/in/utkarsh-kr-1a085461/
Link,2026-05-05T12:42:14.438Z,link-discovered,recruiter-search,there,https://www.linkedin.com/in/ali-rashid-8750a225b/
Link,2026-05-05T12:41:54.432Z,link-discovered,recruiter-search,there,https://www.linkedin.com/in/tanusha-bejjam-1236371a0/
Link,2026-05-05T12:41:39.443Z,link-discovered,recruiter-search,there,https://www.linkedin.com/in/akshay-kumar-260522126/
Link,2026-05-05T12:41:23.431Z,link-discovered,recruiter-search,there,https://www.linkedin.com/in/yashveer-singh-bb6b88243/
Link,2026-05-05T12:41:07.428Z,link-discovered,recruiter-search,there,https://www.linkedin.com/in/yukti-ramchandani/
Link,2026-05-05T12:40:53.429Z,link-discovered,recruiter-search,there,https://www.linkedin.com/in/kumari-bajpai-1806a720b/
Link,2026-05-05T12:40:38.438Z,link-discovered,recruiter-search,there,https://www.linkedin.com/in/amreen-md-71b150247/
Link,2026-05-05T12:40:22.429Z,link-discovered,recruiter-search,there,https://www.linkedin.com/in/jondev/
Link,2026-05-05T12:40:07.440Z,link-discovered,recruiter-search,there,https://www.linkedin.com/in/jayshreevachhani/
Link,2026-05-05T12:39:57.424Z,link-discovered,recruiter-search,there,https://www.linkedin.com/in/nagajyoti-j-165010160/
Link,2026-05-05T12:39:33.428Z,link-discovered,recruiter-search,there,https://www.linkedin.com/in/azahar-syed-a00107214/
Link,2026-05-05T12:39:17.427Z,link-discovered,recruiter-search,there,https://www.linkedin.com/in/l-mohan-60a055175/
Link,2026-05-05T12:39:00.435Z,link-discovered,recruiter-search,there,https://www.linkedin.com/in/vickivelacion/
Link,2026-05-05T12:38:46.439Z,link-discovered,recruiter-search,there,https://www.linkedin.com/in/nicoleemurphy/
Link,2026-05-05T12:38:30.433Z,link-discovered,recruiter-search,there,https://www.linkedin.com/in/richard-lewis-785292309/
Link,2026-05-05T12:38:14.441Z,link-discovered,recruiter-search,there,https://www.linkedin.com/in/shane-m-631a8218/
Link,2026-05-05T12:38:01.440Z,link-discovered,recruiter-search,there,https://www.linkedin.com/in/abhishek-singh-948828194/
Link,2026-05-05T12:37:46.441Z,link-discovered,recruiter-search,there,https://www.linkedin.com/in/renuka-y-168ba0233/
Link,2026-05-05T12:37:30.437Z,link-discovered,recruiter-search,there,https://www.linkedin.com/in/jillian-goss-3706446/
Link,2026-05-05T12:37:18.432Z,link-discovered,recruiter-search,there,https://www.linkedin.com/in/sapna-v-290ab0242/
Link,2026-05-05T12:36:49.425Z,link-discovered,recruiter-search,there,https://www.linkedin.com/in/safa-kabiri/
Link,2026-05-05T12:36:32.438Z,link-discovered,recruiter-search,there,https://www.linkedin.com/in/sapna-75a1021b4/
Link,2026-05-05T12:36:16.431Z,link-discovered,recruiter-search,there,https://www.linkedin.com/in/jaison-k-195243106/
Link,2026-05-05T12:35:58.440Z,link-discovered,recruiter-search,there,https://www.linkedin.com/in/vinay-tanneru-2949321b3/
Link,2026-05-05T12:35:39.428Z,link-discovered,recruiter-search,there,https://www.linkedin.com/in/shaik-parveen-b62bb8b5/
Link,2026-05-05T12:35:24.427Z,link-discovered,recruiter-search,there,https://www.linkedin.com/in/sidnassir/
Link,2026-05-05T12:35:08.427Z,link-discovered,recruiter-search,there,https://www.linkedin.com/in/vladimir-demin-28a04b88/
Link,2026-05-05T12:34:55.428Z,link-discovered,recruiter-search,there,https://www.linkedin.com/in/amrita-rathour-36468a21a/
Link,2026-05-05T12:34:41.436Z,link-discovered,recruiter-search,there,https://www.linkedin.com/in/atul-kumar-baaa46242/
Link,2026-05-05T12:34:25.431Z,link-discovered,recruiter-search,there,https://www.linkedin.com/in/velumuri-kirti-a45ab5202/
Link,2026-05-05T12:34:13.435Z,link-discovered,recruiter-search,there,https://www.linkedin.com/in/kanika-joshi-5a82b9216/
Link,2026-05-05T12:33:45.426Z,link-discovered,recruiter-search,there,https://www.linkedin.com/in/ganga-bhavani-197a0a205/
Link,2026-05-05T12:33:26.428Z,link-discovered,recruiter-search,there,https://www.linkedin.com/in/sarika96/
Link,2026-05-05T12:33:09.435Z,link-discovered,recruiter-search,there,https://www.linkedin.com/in/anubhav-bsn/
Link,2026-05-05T12:32:51.425Z,link-discovered,recruiter-search,there,https://www.linkedin.com/in/bethmurray/
Link,2026-05-05T12:32:33.424Z,link-discovered,recruiter-search,there,https://www.linkedin.com/in/ananda-p-6377b09b/
Link,2026-05-05T12:32:19.424Z,link-discovered,recruiter-search,there,https://www.linkedin.com/in/santhosh-chittumalla-b40201b7/
Link,2026-05-05T12:32:05.438Z,link-discovered,recruiter-search,there,https://www.linkedin.com/in/shraddha-chaudhari-35270325/
Link,2026-05-05T12:31:46.426Z,link-discovered,recruiter-search,there,https://www.linkedin.com/in/sk-tazeem-farogh-ahmed-38690555/
Link,2026-05-05T12:31:29.424Z,link-discovered,recruiter-search,there,https://www.linkedin.com/in/alekhya-gunasani-a23498230/
Link,2026-05-05T12:31:16.425Z,link-discovered,recruiter-search,there,https://www.linkedin.com/in/jondev/
Link,2026-05-05T12:31:04.430Z,link-discovered,recruiter-search,there,https://www.linkedin.com/in/vikk-b-9b1778224/
Link,2026-05-05T12:30:36.432Z,link-discovered,recruiter-search,there,https://www.linkedin.com/in/resu-raj-958227195/
Link,2026-05-05T12:30:21.425Z,link-discovered,recruiter-search,there,https://www.linkedin.com/in/markandeya-sambu-bb1a95237/
Link,2026-05-05T12:30:05.428Z,link-discovered,recruiter-search,there,https://www.linkedin.com/in/kpandey001/
Link,2026-05-05T12:29:49.425Z,link-discovered,recruiter-search,there,https://www.linkedin.com/in/koneni-bhavya-b459a178/
Link,2026-05-05T12:29:33.439Z,link-discovered,recruiter-search,there,https://www.linkedin.com/in/riya-biju-1aa627219/
Link,2026-05-05T12:29:13.434Z,link-discovered,recruiter-search,there,https://www.linkedin.com/in/sravanthi-jutla-15838720a/
Link,2026-05-05T12:28:57.426Z,link-discovered,recruiter-search,there,https://www.linkedin.com/in/hymavathi-podishetty-8340a330b/
Link,2026-05-05T12:28:39.424Z,link-discovered,recruiter-search,there,https://www.linkedin.com/in/sherazchaudhry98/
Link,2026-05-05T12:28:22.426Z,link-discovered,recruiter-search,there,https://www.linkedin.com/in/steve-h-080858292/
Link,2026-05-05T12:28:10.429Z,link-discovered,recruiter-search,there,https://www.linkedin.com/in/tushar-sharma-59326a205/
Link,2026-05-05T12:27:42.426Z,link-discovered,recruiter-search,there,https://www.linkedin.com/in/tushar-sharma-59326a205/
Link,2026-05-05T12:27:25.431Z,link-discovered,recruiter-search,there,https://www.linkedin.com/in/srikanth-ravall1a8478518b/
Link,2026-05-05T12:27:11.439Z,link-discovered,recruiter-search,there,https://www.linkedin.com/in/recruitervidhishah/
Link,2026-05-05T12:26:55.436Z,link-discovered,recruiter-search,there,https://www.linkedin.com/in/navin-naidu-186a50135/
Link,2026-05-05T12:26:36.427Z,link-discovered,recruiter-search,there,https://www.linkedin.com/in/rahul-s-639167232/
Link,2026-05-05T12:26:19.438Z,link-discovered,recruiter-search,there,https://www.linkedin.com/in/sam-mayne-99a558134/
Link,2026-05-05T12:26:04.428Z,link-discovered,recruiter-search,there,https://www.linkedin.com/in/anusha-t-a793b569/
Link,2026-05-05T12:25:50.429Z,link-discovered,recruiter-search,there,https://www.linkedin.com/in/rodrigopoulis/
Link,2026-05-05T12:25:33.425Z,link-discovered,recruiter-search,there,https://www.linkedin.com/in/aarab-shah-a217b0247/
Link,2026-05-05T12:25:17.423Z,link-discovered,recruiter-search,there,https://www.linkedin.com/in/adriano-marqueze/
Link,2026-05-05T12:25:02.425Z,link-discovered,recruiter-search,there,https://www.linkedin.com/in/nattar-marees-a440a6201/
Link,2026-05-05T12:24:52.425Z,link-discovered,recruiter-search,there,https://www.linkedin.com/in/kevin-miranda-7bb177220/
Link,2026-05-05T12:24:24.439Z,link-discovered,recruiter-search,there,https://www.linkedin.com/in/satyendra-singh-bb11a4143/
Link,2026-05-05T12:24:06.435Z,link-discovered,recruiter-search,there,https://www.linkedin.com/in/aman-yadav-8223051701/
Link,2026-05-05T12:23:49.425Z,link-discovered,recruiter-search,there,https://www.linkedin.com/in/j-jenisha-079a3a2b2/
Link,2026-05-05T12:23:35.434Z,link-discovered,recruiter-search,there,https://www.linkedin.com/in/jhoomchoudhary/
Link,2026-05-05T12:23:21.423Z,link-discovered,recruiter-search,there,https://www.linkedin.com/in/veronikapeycheva/
Link,2026-05-05T12:23:04.423Z,link-discovered,recruiter-search,there,https://www.linkedin.com/in/irinaalekseenko/
Link,2026-05-05T12:22:47.434Z,link-discovered,recruiter-search,there,https://www.linkedin.com/in/milaorrico/
Link,2026-05-05T12:22:32.435Z,link-discovered,recruiter-search,there,https://www.linkedin.com/in/troy-sutter-7b114915/
Link,2026-05-05T12:22:15.435Z,link-discovered,recruiter-search,there,https://www.linkedin.com/in/syeda-moonmee-islam/
Link,2026-05-05T12:21:57.433Z,link-discovered,recruiter-search,there,https://www.linkedin.com/in/anushree-kushwah/
Link,2026-05-05T12:21:42.422Z,link-discovered,recruiter-search,there,https://www.linkedin.com/in/jessicalobrigatti/
Link,2026-05-05T12:21:26.430Z,link-discovered,recruiter-search,there,https://www.linkedin.com/in/nelsonsthoughts/
Link,2026-05-05T12:21:09.423Z,link-discovered,recruiter-search,there,https://www.linkedin.com/in/graju/
Link,2026-05-05T12:20:58.430Z,link-discovered,recruiter-search,there,https://www.linkedin.com/in/georgiawellman/
Link,2026-05-05T12:20:32.444Z,link-discovered,recruiter-search,there,https://www.linkedin.com/in/mohd-faiyaz-khan-035b6b238/
Link,2026-05-05T12:20:15.436Z,link-discovered,recruiter-search,there,https://www.linkedin.com/in/aryan-yadav-239039302/
Link,2026-05-05T12:19:57.427Z,link-discovered,recruiter-search,there,https://www.linkedin.com/in/andreapolito/
Link,2026-05-05T12:19:41.427Z,link-discovered,recruiter-search,there,https://www.linkedin.com/in/lucassieverding/
Link,2026-05-05T12:19:25.428Z,link-discovered,recruiter-search,there,https://www.linkedin.com/in/ginni-digpaul-20316b280/
Link,2026-05-05T12:19:14.950Z,link-discovered,recruiter-search,there,https://www.linkedin.com/in/saurabh-shukla-025aa3250/
Link,2026-05-05T12:17:56.424Z,link-discovered,recruiter-search,there,https://www.linkedin.com/in/filipe-pimentel-43210a85/
Link,2026-05-05T12:15:56.422Z,link-discovered,recruiter-search,there,https://www.linkedin.com/in/willian-domingues/
Link,2026-05-05T12:13:56.424Z,link-discovered,recruiter-search,there,https://www.linkedin.com/in/varun-narayan-a77482142/
Link,2026-05-05T12:12:38.423Z,link-discovered,recruiter-search,there,https://www.linkedin.com/in/tanvi-mankeshwar-6b45a4246/
Link,2026-05-05T12:12:21.436Z,link-discovered,recruiter-search,there,https://www.linkedin.com/in/aakash-suman-346556149/
Link,2026-05-05T12:12:05.426Z,link-discovered,recruiter-search,there,https://www.linkedin.com/in/michael-newman-0166a662/
Link,2026-05-05T12:11:52.428Z,link-discovered,recruiter-search,there,https://www.linkedin.com/in/aryan-yadav-428ab4390/
SSI,2026-05-05T12:11:40.434Z,ssi-score,,total:51 brand:16 people:14 insights:14 rel:7,